A CORRECTION,NA,Not a reference
A LUDW U FREIB HA,NA,Association
A VARZI,VARZI A,
AA VV,NA,Reference mat
AA XV,NA,Reference mat
AAGARD JESPER,AAGAARD J,
AAVV,NA,"Spanish for ""Various Authors"""
ABELL,ABELL C,
ABENSOR M,ABENSOUR M,
ABOY CARLES G,ABOYCARLES G,
ABRAM,ABRAM D,
ABRAMS DE ERIKA,ABRAMS E,
ABROMEIT,ABROMEIT J,
ABROMHEIT JOHN,ABROMEIT J,
ABTEILUNG Z,NA,Reference mat
ADAM SMITH,SMITH A,
ADDITIONALLY COATES,NA,Probably a mistake
ADELGUNDIS JAEGERSCHMID OSBADELGUNDIS,ADELGUNDISJAEGERSCHMID O,
ADOMO THEODOR W,ADORNO T,
ADORNO,ADORNO T,
ADORNOS THEODOR W,ADORNO T,
ADRIAN ED,ESCUDERO J,
ADRIAN ESCLIDERO J,ESCUDERO J,
ADRIAN ESCUDERO J,ESCUDERO J,
ADRIAN ESCUDERO JESUS,ESCUDERO J,
ADRIAN J,ESCUDERO J,
ADRIAN JESUS,ESCUDERO J,
AFONSKIY MONAKH SIMEON,SIMEON A,
AG FRANC PRESS,NA,Publisher
AGAMBEN,AGAMBEN G,
AGIS VILLAVERDE M,AGISVILLAVERDE M,
AGIS VILLAVERDE MARCELINO,AGISVILLAVERDE M,
AGUILERA VITA S,AGUILERAVITA S,
AGUILERA VITA SERGIO,AGUILERAVITA S,
AGUIRRE-GARCIA JC,AGUIRREGARCIA J,
AGUSTIN,AUGUSTINE,
AGUSTIN DE HIPONA SAN,AUGUSTINE,
AGUSTIN HIPONA SANTO,AGUSTIN D,
AGUSTIN SAN,AGUSTIN D,
AHUMADA CRISTI M,AHUMADACRISTI M,
AI-SAJI A,ALSAJI A,
AIMOLA DAVIES A M,AIMOLADAVIES A,
AKAD AUSGABE,NA,Akademie Ausgabe
AKIRA HIRAKAWA,HIRAKAWA A,
AL BAQLI RUZBIHAN,ALBAQLI R,
AL GHAZALI,ALGHAZALI A,
AL-SAJI A,ALSAJI A,
ALAIN,ALAIN E,
ALALGHER S,GALLAGHER S,
ALBERT CAMUS,CAMUS A,
ALBERTRAZZI L,ALBERTAZZI L,
ALCOFF,ALCOFF L,
ALCOFFLM,ALCOFF L,
ALCOHOLICS ANONYMOUS,NA,Association
ALDERSON-DAY B,ALDERSONDAY B,
ALEIDA,ASSMANN A,
ALEIDA ASSMANN,ASSMANN A,
ALES BELLO A,ALESBELLO A,
ALES BELLO ANGELA,ALESBELLO A,
ALESBELLO A,ALESBELLO A,
ALEXADNER W,ALEXANDER W,
ALFRED S,SCHÃœTZ A,
ALGHAZALI,ALGHAZALI A,
ALLAN WOLTER OFM,WOLTER A,
ALLES BELLO A,ALESBELLO A,
ALLMAN MJ,ALLMAN J,
ALMOND,ALMOND P,
ALPHONSE DE WAELHENS,DEWAELHENS A,
ALSTON P,ALSTON W,
ALTAYA BARCELONA,NA,Publisher
ALTEZ-ALBELA FR,ALTEZALBELA F,
ALVAREZ GOMEZ M,ALVAREZGOMEZ M,
ALVAREZ RAMIREZ WILLIAM,ALVAREZRAMIREZ W,
AM AC PED,NA,Academy
AM PSYCH ASS,NA,Academy
AM SOC AESTH PLAS,NA,Academy
AMERICAN HERITAGE DICTIONARY,NA,Reference
AMERICAN PSYCHIATRIC ASSOCIATION,NA,Association
AMERICAN PSYCHIATRIC ASSOCIATION APA,NA,Association
AMERICAN PSYCHIATRICASSOCIATION,NA,
AMERICAN PSYCHOLOGICAL ASSOCATION,NA,
AMERICAN PSYCHOLOGICAL ASSOCIATION,NA,
AMERICAN PSYCIATRIC ASSOCIATION,NA,
AMES,AMES R,
AMY HOLLYWOOD STATES,HOLLYWOOD A,
ANCHE MKLINE,KLINE M,
ANCORA,NA,Pretty sure it's not a name.
ANDO T,TADAO A,
ANDO TADAO,TADAO A,
ANDRE DU BOUCHET,DUBOUCHET A,
ANKERSMIT,ANKERSMIT F,
ANNEMARI SHIMMEL,SHIMMEL A,
ANONYMOUS,NA,
ANSCOMB GM,ANSCOMBE E,
ANSCOMBE,ANSCOMBE E,
ANSCOMBE G,ANSCOMBE E,
ANSCOMBE G E M,ANSCOMBE E,
ANSCOMBE GE,ANSCOMBE E,
ANSCOMBE GEM,ANSCOMBE E,
ANSELL PEARSON K,ANSELLPEARSON K,
ANSELL PEARSON KEITH,ANSELLPEARSON K,
ANSELL-PEARSON K,ANSELLPEARSON K,
ANSELM CANTERBU,ANSELM,
ANSELM CANTERBURY,ANSELM,
ANZALDUAS GLORIA,ANZALDUA G,
APA,NA,Reference
APEL O KARL,APEL K,
APPIAH A,APPIAH K,
AQINAS T,AQUINAS,
AQUIN T,AQUINAS,
AQUINAS ST THOMAS,AQUINAS,
AQUINAS T,AQUINAS,
AQUINAS THOMAS,AQUINAS,
AQUINO T,AQUINAS,
AQUINO TOMAS DE,AQUINAS,
ARBELEZ CARDONA TERESA,ARBELEZCARDONA T,
ARBIB,ARBIB D,
ARDAVIN E E MERINO,NA,Two different authors
ARENDT,ARENDT H,
ARENDT K,ARENDT H,
ARENDT KHANNA,ARENDT H,
ARENDTOVA H,ARENDT H,
ARENDTOVA HANNAH,ARENDT H,
ARENDTOVE HANNAH,ARENDT H,
ARENT H,ARENDT H,
ARGUABLY SLOTERDIJK,SLOTERDIJK P,
ARGUELLES-FERNANDEZ G,ARGUELLESFERNANDEZ G,
ARISTOLE,ARISTOTLE,
ARISTOTE,ARISTOTLE,
ARISTOTEL,ARISTOTLE,
ARISTOTEL O,ARISTOTLE,
ARISTOTELE,ARISTOTLE,
ARISTOTELES,ARISTOTLE,
ARISTOTELES M,ARISTOTLE,
ARISTOTELIS,ARISTOTLE,
ARISTOTLE  SACHS J,ARISTOTLE,
ARISTOTLE H,ARISTOTLE,
ARISTOTLE W,ARISTOTLE,
ARISTOTLE W D,ARISTOTLE,
ARITSOTEL,ARISTOTLE,
ARMSTRONG,ARMSTRONG D,
ARNAULD,ARNAULD A,
ARNEL TREVENA JUDY,TREVENA A,
ARRIAGA RODRIGUEZ J C,ARRIAGARODRIGUEZ J,
ARSTILA,ARSTILA V,
ARTHUR,SCHOPENHAUER A,
ARTHUR LITTLE SJ,LITTLE A,
ASHBY W R,ASHBY R,
ASHWORTH JR WILLIAM B,ASHWORTH W,
ASNE,NA,Association
ASPINALL FOUNDATION,NA,Association
ASSMANN VGL JAN,ASSMANN J,
ASSULAMI,SULAMI,
ASTHETIK GERNOT BOHME,BÃ–HME G,
ATT<UMACRON>S NASRADDN,ADDIN N,
ATTERTON,ATTERTON P,
AUBERT EMMANUEL DE SAINT,DESAINTAUBERT E,
AUBERT SAINT,DESAINTAUBERT E,
AUDOIN ROUZEAU STEPHANE,AUDOINROUZEAU S,
AUFTRAG DES TERESIANISCHEN KARMELS IN DEUTSCHLAND DURCH DAS INTERNATIONALE EDITHSTEININSTITUT WURZBURG,NA,Association
AUGUSTIN,AUGUSTINE,
AUGUSTIN S,AUGUSTINE,
AUGUSTINE GULYANITSKY,AUGUSTINE,
AUGUSTINE HIPPO,AUGUSTINE,
AUGUSTINE SAINT,AUGUSTINE,
AUGUSTINE ST,AUGUSTINE,
AUGUSTINUS,AUGUSTINE,
AUGUSTINUS AURELIUS,AUGUSTINE,
AUN H,LAUN H,
AUSTIN,AUSTIN J,
AUSTIN LJ,AUSTIN J,
AVE LALLEMANT E,AVELALLEMANT E,
AVENI,AVENI A,
AVGUSTIN,AUGUSTINE,
AVGUSTIN BLAZHENNY,AUGUSTINE,
AVICENA,AVICENNA,
AYDEDE,AYDEDE M,
B O,NA,What is this
BA ALBAKI ROHI,BAALBAKI R,
BAADER FRANZ VON,VONBAADER F,
BABETTE B,BABICH B,
BACHDARD,BACHELARD S,
BACHEALRD G,BACHELARD G,
BACHELARD,BACHELARD S,"I checked the paper and it's S, not G"
BACHELARS S,BACHELARD S,
BACHTIN DS,BAKHTIN M,Checked references. All to Bakhtin
BACHTIN M,BAKHTIN M,Checked references. All to Bakhtin
BACHTIN MICHAEL,BAKHTIN M,Checked references. All to Bakhtin
BACHTIN MICHAIL M,BAKHTIN M,Checked references. All to Bakhtin
BACHTIN MM,BAKHTIN M,Checked references. All to Bakhtin
BADIOUS ALAIN,BADIOU A,
BAHTIN MIHAIL,BAKHTIN M,
BAINBRIDGE COHEN B,COHEN B,
BALCKBOURN D,BLACKBOURN D,
BALCKBURN S,BLACKBURN S,
BALDWIN,BALDWIN T,
BALLARD,BALLARD E,Checked paper
BALTHASAR,VONBALTHASAR H,
BALTHASAR HANS URS VON,VONBALTHASAR H,
BALTHASAR HUV,VONBALTHASAR H,
BALTZER-JARAY K,BALTZERJARAY K,
BALZAC HONORE DE,DEBALZAC H,
BANCHETTIROBINO,BANCHETTIROBINO M,
BARABARAS R,BARBARAS R,
BARBA-KAY A,BARBAKAY A,
BARBARAS,BARBARAS R,
BARBARAUS R,BARBARAS R,
BARBARRAS R,BARBARAS R,
BARBOSA DA SILVA A,DASILVA A,
BARBOSA MARTINEZ O E,BARBOSAMARTINEZ O,
BARNETT BROUGH JOHN,BROUGH J,
BARO M GARCIA,GARCIABARO M,
BARO MIGUEL GARCIA,GARCIABARO M,
BAROHCOHEN S,BARONCOHEN S,
BARON COHEN SIMON,BARONCOHEN S,
BARONCOHEN HTS,BARONCOHEN S,
BARRETT,BARRETT J,
BARRY,BARRY K,
BARTHELEMYMADAUM,BARTHELEMYMADAULE M,
BARTHES BR,BARTHES R,
BARTHES POZRI R,BARTHES R,
BARTLEY III W W,BARTLEY W,
BASEHEART CM,BASEHEART M,
BASSAS-VILA J,BASSAS V,
BATSON,BATSON C,
BATTAN HORENSTEIN A,BATTANHORENSTEIN A,
BATTAN HORENSTEIN ARIELA,BATTANHORENSTEIN A,
BAUCHS B,BAUCH B,
BAYER STAATSB MUN,NA,It's a library
BBC RADIO,NA,It's the BBC
BCPSG,NA,??
BEAUCHEMP TL,BEAUCHAMP T,
BEAUFRET VJ,BEAUFRET J,
BEAUME JC,BEAUNE J,
BEAUVOIR,DEBEAUVOIR S,
BEAUVOIR D S,DEBEAUVOIR S,
BEAUVOIR S,DEBEAUVOIR S,
BEAUVOIR S DE,DEBEAUVOIR S,
BEAUVOIR SD,DEBEAUVOIR S,
BEAUVOIR SIMONE,DEBEAUVOIR S,
BEAUVOIR SIMONE DE,DEBEAUVOIR S,
BECKMANN B,BECKMANNZOLLER B,
BECKMANN BEATE,BECKMANNZOLLER B,
BECKMANN-ZOLLER B,BECKMANNZOLLER B,
BEHNKE A ELIZABETH,BEHNKE E,
BEIERWALTES,BEIERWALTES W,
BEING NOTHINGNESS,SARTRE J,
BEISER,BEISER F,
BEISTEGUI M DE,DEBEISTEGUI M,
BEISTEGUI MIGUEL DE,DEBEISTEGUI M,
BEITES P FERNANDEZ,FERNANDEZBEITES P,
BEJARANO J C VARGAS,VARGASBEJARANO J,
BEJARANO JULIO VARGAS,VARGASBEJARANO J,
BELLAH,BELLAH R,
BELLO A,ALESBELLO A,
BELLO A A,ALESBELLO A,
BELLO A ALES,ALESBELLO A,
BELLO AA,ALESBELLO A,
BELLO ALES,ALESBELLO A,
BELLO ANGELA ALES,ALESBELLO A,
BELYI A,BELY A,
BELYI ANDREI,BELY A,
BEN ALDERSONDAY,ALDERSONDAY B,
BEN BAGDIKIAN,BAGDIKIAN B,
BEN BARZILLAI R JUDAH,BENBARZILLAI J,
BEN BRADLEY,BRADLEY B,
BEN PAZI H,BENPAZI H,
BEN ZEEEV A,BENZEEV A,
BENACCRRAF P,BENACERRAF P,
BENARY,BENARY W,
BENBRAMBLE,BRAMBLE B,
BENEDICT POPE,BENEDICT XVI,
BENEDICT XVI,BENEDICT XVI,
BENEDICT XVI POPE,BENEDICT XVI,
BENJAMIN,BENJAMIN W,
BENOIST,BENOIST J,
BENZEV A,BENZEEV A,
BERDIAEV N,BERDYAEV N,
BERG JH VAN DEN,VANDENBERG J,
BERG VON N,VONBERG N,
BERGSON,BERGSON H,
BERGSON A,BERGSON H,
BERKOVICH-OHANA A,BERKOVICHOHANA A,
BERNARD,NA,Couldn't find which bernard this was
BERNERSLEE,BERNERSLEE T,
BERNET,BERNET R,
BERNET CF R,BERNET R,
BERNETS R,BERNET R,
BERNSTEIN,BERNSTEIN J,
BERTRAND RUSSELL,RUSSELL B,
BESSMEL'TSEVA O,BESSMELTSEVA O,
BHABHA J,BHABHA H,
BHATTACHARYYA,BHATTACHARYA K,
BHATTACHARYYA K,BHATTACHARYA K,
BHATTACHARYYA KC,BHATTACHARYA K,
BHATTACHARYYA V,BHATTACHARYA V,
BHIKKHU B,BODHI B,
BIAGI M L ALTIERI,ALTIERIBIAGI M,
BIASUTII F,BIASUTTI F,
BIBIHIN VV,BIBIKHIN V,
BIBLE,NA,
BIBLIOGRAFIA AMERICAN PSYCHIATRIC ASSOCIATION APA,NA,
BIBLIOTHEQUE NATIONALE DE FRANCE DEPARTMENT OF MANUSCRIPTS,NA,
BIEMEL,BIEMEL W,
BIEMEL M,BIEMEL W,
BIEMEL MANY,BIEMEL W,
BIEMEL MARLY,BIEMEL W,
BIEMEL MARTY,BIEMEL W,
BIEMEL MW,BIEMEL W,
BIESE,NA,Couldn't find reference in the paper
BIFFI I,BIFFT I,
BIJSTERVELD A,BIJSTERVELD K,
BIN KIMURA,KIMURA B,
BINGGELL S,BINGGELI S,
BINKIMURA,KIMURA B,
BINSVANGER L,BINSWANGER L,
BIRD-POLLAN S,BIRDPOLLAN S,
BJORNSSONS GUNNAR,BJORNSSON G,
BLACJBURN S,BLACKBURN S,
BLANCO FERNANDEZ DOMINGO,BLANCOFERNANDEZ D,
BLANKENBURG,BLANKENBURG W,
BLASCHEK-HAHNOVA H,BLASCHEKHANOVA H,
BLAUSTEIN,BLAUSTEIN L,
BLECHA L,BLECHA I,
BLONSKII,BLONSKII P,
BLUMENBERG,BLUMENBERG H,
BLUMENBERG D,BLUMENBERG H,
BLUMENBERG J,BLUMENBERG H,
BLUMENBERG REZENSION VON H,BLUMENBERG H,
BOBONICH,BOBONICH C,
BOCCACCINBI F,BOCCACCINI F,
BOCKENFORDE W,BOCKENFORDE E,
BODEA OC,BODEA C,
BODLER BENJAMIN W SHARL,BENJAMIN W,
BOER DE,DEBOER T,
BOETHIUS ANCIUS,BOETHIUS,
BOGHOSSIAN F,BOGHOSSIAN P,
BOGNAR,BOORSE C,checked paper
BOHME,BOHME J,checked paper
BOLLNOW LOGIK OTTO FRIEDRICH,BOLLNOW O,
BOLLNOW R,BOLLNOW O,
BOLNOW F O,BOLNOW O,
BOLTANSKI,BOLTANSKI L,
BOLZANO,BOLZANO B,
BONAVENTURA,BONAVENTURE,
BONAVENTURE ST,BONAVENTURE,
BONECKAJA HK,BONECKAJA N,
BONHOEFFER,BONHOEFFER D,
BONHOEFFERS,BONHOEFFER D,
BONITO OLIVA A,BONITOOLIVA A,
BONITO OLIVA R,BONITOOLIVA A,
BONNEVAL,BONNEFOY Y,checked paper
BORODAJKEWYCS T VON,VONBORODAJKEWYCS T,
BOSSES,NA,couldnt find on paper
BOSTON CHANGE PROCESS GROUP,NA,Group
BOTZ BORNSTEIN T,BOTZBORNSTEIN T,
BOURBAKI,BOURBAKI N,
BOURDIEUR P,BOURDIEU P,
BOURGEOIS,BOURGEOIS B,
BOURGET,BOURGET D,
BOYCE GIBSON W R,BOYCEGIBSON W,
BOYCE GIBSON WR,BOYCEGIBSON W,
BOYCE WRB,BOYCEGIBSON W,
BOZZR P,BOZZI P,
BRADDONMITCHEL D,BRADDONMITCHELL D,
BRADLEY,BRADLEY,couldnt find reference
BRAIG K,BRAIG C,
BRANBD G,BRAND G,
BRANDOM,BRANDOM R,
BRANDT,BRANDT F,checked paper
BREDA HLV,VANBREDA H,
BREDA L,VANBREDA H,
BREDA VAN HL,VANBREDA H,
BREER R,BREEUR R,
BREEUR ZR,BREEUR R,
BREHIER,BREHIER E,
BREMONDS HENRI,BREMOND H,
BRENT MADISON GARY,MADISON G,
BRENTANO,BRENTANO F,
BRENTANO E,BRENTANO F,
BRENTANTO F,BRENTANO F,
BRET WDAVIS,DAVIS B,
BRETANO F,BRENTANO F,
BREUN,BREUN R,Checked paper
BREWER,BREWER B,
BRINKMAN KLAUS,BRINKMANN K,
BRINNIN M,BRINNIN J,
BROCK MASON M,MASON B,
BROCKER OLTMANNS K,BROCKEROLTMANNS K,
BRUCE GOLDSTEIN E,GOLDSTEIN B,
BRUIN DE,DEBRUIN L,
BRUNETR,BRUNET R,
BRUNSCHVICG,BRUNSCHVICG L,
BRUNSCHVIGG L,BRUNSCHVICG L,
BRUZINA,BRUZINA R,
BUBNER,BUBNER R,
BUENO-GOMEZ N,BUENOGOMEZ N,
BULLETIN DE LINSTITUT SUPERIEUR DE PHILOSOPHIE,NA,publication
BURBIDGE,BURBIDGE J,
BURCH,BURCH N,Checked paper
BUREN JOHN VAN,VANBUREN J,
BURNHAM,BURNHAM J,checked paper
BUSH,BUSH L,checked paper
BUTLER,BUTLER J,
BUTLERS JUDITH,BUTLER J,
BUYITENDIJK F J J,BUYTENDIJK F,
BUYTENDIJK DE F J J,BUYTENDIJK F,
BUYTENDIJK JFJ,BUYTENDIJK F,
BUYTENDIJKS FJJ,BUYTENDIJK F,
BYRNE,BYRNE A,
BYRNES A,BYRNE A,checked paper
CACHO VIU V,CACHOVIU V,
CAHALAN,CAHALAN J,
CAHN R,CAHN B,
CAILLE,CAILLE A,
CALVO J M ZAMORA,ZAMORACALVO J,
CAMEIRO SFB,CARNEIRO S,
CAMINHA DE IRAQUITAN OLIVEIRA,DEOLIVEIRAIRAQUITAN C,
CAMPBELL,CAMPBELL J,checked paper
CAMUS,CAMUS A,
CANADIAN ASSOCIATION OF SOCIAL WORKERS,NA,
CANGUILHELM GEORGES,CANGUILHEM G,
CAPUTO,CAPUTO J,checked paper
CAPUZZI,CAPUZZI F,
CARBONES MAURO,CARBONE M,
CARL WOLFGANG,WOLFGANG C,
CARLL WHITE A,CARLLWHITE A,
CARLSON,CARLSON T,
CARMEAN JR EA,CARMEAN E,
CARR,CARR D,
CARRASCO ALEXANDRE DE OLIVEIRA TORRES,CARRASCODEOLIVEIRA A,
CARRILLO SALCEDO JUAN ANTONIO,CARRILLOSALCEDO J,
CARTESIANISCHE MEDIT,HUSSERL E,
CARVALHO M JOELMA,CARVALHO J,
CASATI,CASATI R,
CASEY,CASEY E,
CASSEDY,CASSEDY S,
CASSEL EJ,CASSELL E,
CASSIDY,CASSEDY S,
CASSIER ERNST,CASSIRER E,
CASSIRER,CASSIRER E,
CASSIRER N,CASSIRER E,
CASSOU-NOGUES P,CASSOUNOGUES P,
CASSOUNOGUS P,CASSOUNOGUES P,
CASTORIADIS,CASTORIADIS C,
CASTRO DE ZUBIRI C,ZUBIRI X,
CATARZI,CATARZI M,
CATHERINE MALABOU,MALABOU C,
CAVALLI SFORZA LL,CAVALLISFORZA L,
CAVEDON-TAYLOR D,CAVEDONTAYLOR D,
CENTERS FOR DISEASE CONTROL AND PREVENTION CDC,NA,the CDC
CENTRO REGIONAL DE INFORMACAO DAS NACOES UNIDASUNRIC,NA,Association
CERF,CERF W,
CERVANTES,DECERVANTES M,
CERVANTES SAAVEDRA M DE,DECERVANTES M,
CH NORBERGSCHULZ,NORBERGSCHULZ C,
CHAKKA LAKAL SILVY,CHAKKALAKAL S,
CHANDOGYA UPANISAD,NA,"This is a text, not an author"
CHANG,CHANG C,checked reference
CHARLES DANIEL,DANIEL C,checked paper
CHARLES DARWIN,DARWIN C,
CHAVEZ BAEZ ROMAN ALEJANDRO,CHAVEZBAES R,
CHERNIAKOV A G,CHERNYAKOV A,
CHERNJAKOV AG,CHERNYAKOV A,
CHITOIU MD,CHITOIU D,
CHKLOVSKI,NA,couldn't find this
CHOMSKY,CHOMSKY N,
CHREIIEN JL,CHRETIEN J,
CHRETIEN,CHRETIEN J,
CHRONOS,NA,weird reference
CHRUCHLAND P,CHURCHLAND P,
CHRUDZMINSKI ARKADIUSZ,CHRUDZIMSKI A,
CHUBAROVA IM,CHUBAROV I,
CHURCHILL,CHURCHILL J,
CHVATIK A KOL I,CHVATIK I,
CIARAMELLI CF,CIARAMELLI F,
CIARRAMELLI F,CIARAMELLI F,
CICERO DE NATURA DEORUM,CICERO,
CICERO MARCUS TULLIUS,CICERO,
CICERO MT,CICERO,
CIPOLETTI M S,CIPOLLETTI M,
CIVITA,CIVITA A,
CIYUAN,NA,dictionary
CLAESGES L,CLAESGES U,
CLAIRE HILL ORTIZ,ORTIZHILL C,
CLAUDE LEVISTRAUSS,LEVISTRAUSS C,
CLAUDEL,CLAUDEL P,
CLAVINO ITALO,CALVINO I,
CLIFTON-SODERSTROM K,CLIFTONSODERSTROM K,
CMV,NA,
CNN,NA,
COBIAN MARIO TEODORO RAMIREZ,COBIANRAMIREZ M,
COBIAN MTR,COBIANRAMIREZ M,
COBIAN RAMIREZ,COBIANRAMIREZ M,
CODE CY JOANETTE,YVES J,
COFFA J ALBERTO,COFFA A,
COGNITIVE GRAMMAR ABASICINTRODUCTIONOXFORDUNIVERSITYPRESS,LANGACKER R,
COHEN,COHEN H,
COHEN-LEVINAS D,COHENLEVINAS D,
COLABORADORES DE WIKIPEDIA,NA,wikipedia
COLECTIVO DEL LIBRO DE LA SALUD DE LAS MUJERES DE BOSTON,NA,association
COLLECTIF,NA,association
COLLINGWOOD,COLLINGWOOD R,
COMINS MINGOL IRENE,COMINSMINGOL I,
COMMUNICATION EVOLUT,NA,Association?
COMPTE A,COMTE A,
CONDE SOTO F,CONDESOTO F,
CONFESSIONS A,AUGUSTINE,
CONILL-SANCHO J,CONILLSANCHO J,
CONKLIN,CONKLIN W,
CONRAD,CONRAD T,checked paper
CONRAD MARTIUS H,CONRADMARTIUS H,
CONRAD-MARTIUS H,CONRADMARTIUS H,
CONSEJO ECONOMICO Y SOCIAL,NA,Association
CONVIS JR CH,CONVIS C,
COOPER,COOPER D,
CORBUSIER L,LECORBUSIER,
CORBUSIER LE,LECORBUSIER,
CORRADI FIUMARA GEMMA,FIUMARI G,
CORREIA M F SA,SCHOPENHAUER A,"checked paper, cites schopenhauer"
COSMANN,COSMANN P,
COSTA,COSTA V,checked paper
COUNCIL OF THE EUROPEAN UNION,NA,
COWIE,COWIE C,
CRAIG WATKINS SAMUEL,WATKINS S,
CRAIGSLIST,CRAIGSLIST,???
CRENSHAW,CRENSHAW K,
CRESPO,CRESPO M,
CRISTIAN CIOCAN,CIOCAN C,
CRITICISM KANTIAN,NA,
CROSS,CROSS R,
CROSS JOHN OF THE	CROSS J,JOHN OF THE CROSS,
CROWELL,CROWELL S,
CROWELL G S,CROWELL S,
CROWTHER,CROWTHER P,
CRRANE T,CRANE T,
CSIKSZENTMIHALYM,CSIKSZENTMIHALYI M,
CSIKZENTMIHALYI M,CSIKSZENTMIHALYI M,
CUBO UGARTE OSCAR,CUBOUGARTE O,
CUESTA ABAD NEL SUO J M,CUESTAABAD J,
CURRY G,CURRIE G,
CYNTHIA,MACDONALD C,
CZERKAWSKI JOZEF,CZARKOWSKI J,
CZERKOWSKI JOZEF,CZARKOWSKI J,
D ALLONNES M REVAULT,DALLONES M,
D'ADDELFIO G,DADDELFIO G,
D'ALOISIO-MONTILLA N,DALOISIOMONTILLA N,
D'AMBROSIO PJ,DAMBROSIO P,
D'ANGELO D,DANGELO D,
D'HONDT J,DHONDT J,
DA BAGNOREGIO BONAVENTURA,DABAGNOREGIO B,
DA BUTI F,DABUTI F,
DA CAMARA J M B,DACAMARA J,
DA COSTA ANDRIOLLI DE BRITES,DACOSTA A,
DA LAITINEN ARTO,DALAITINEN A,
DA PAZ NS,DAPAZ N,
DA POS O,DAPOS O,
DA RE A,DARE A,
DA ROSA TLCP,DAROSA T,
DA SILVA CAD,DASILVA C,
DA SILVA FM,DASILVA F,
DA SILVA J,DASILVA J,
DA SILVA J J,DASILVA J,
DA SILVA JAIRO J,DASILVA J,
DA SILVA JJ,DASILVA J,
DA SILVA L D,DASILVA L,
DA SILVA LD,DASILVA L,
DA SILVA MP,DASILVA M,
DA VINCI L,DAVINCI L,
DA VINCI LEONARDO,DAVINCI L,
DADO ORIGINARIO NIVE,NA,phrase in portuguese
DAHRENDORF,DAHRENDORF R,
DAINTON,DAINTON B,
DAL LAGO A,DALLAGO A,
DAL MONTE DP,DALMONTE D,
DALEMBERT,DALEMBERT J,
DALLE GRAVE RICCARDO,DALLEGRAVE R,
DALLMAYR,DALLMAYR F,
DAMASCUS,JOHN OF DAMASCUS,
DAN,DAN J,
DAN ZAHAVI,ZAHAVI D,
DANIEL D,MOSLEY D,
DANIEL DENNETT,DENNETT D,
DANIEL EV,DANIEL V,
DANIELE HERVIEULEGER,HERVIEULEGER D,
DANISH COUNC EHT,NA,Association
DANTE,ALIGHIERI D,
DANTE ALIGHIERI,ALIGHIERI D,
DANZAHAVI,ZAHAVI D,
DARWALL,DARWALL S,
DASGUPTA,DASGUPTA S,
DASSONNEVILLE,DASSONNEVILLE G,
DASTURE F,DASTUR F,
DASTUROVE F,DASTUR F,
DATUR F,DASTUR F,
DAUJOTYTE-PAKERIENE V,DAUJOTYTEPAKERIENE V,
DAUJOTYTEPAKERIV,DAUJOTYTEPAKERIENE V,
DAV IES M,DAVIES M,
DAVID A,DILWORTH D,
DAVID ADILWORTH,DILWORTH D,
DAVID C,LINDBERG D,
DAVID FKRELL,KRELL D,
DAVID FSTRAUSS,STRAUSS D,
DAVID HUME,HUME D,
DAVID JCHALMERS,CHALMERS D,
DAVIDSON,DAVIDSON D,
DE AGUIRRE EVA,DEAGUIRRE E,
DE ALEJANDRIA FILON,DEALEJANDRIA F,
DE ALMEIDA G,DEALMEIDA G,
DE ALMEIDA GA,DEALMEIDA G,
DE ANDRADE AD,DEANDRADE A,
DE ANDRADE CC,DEANDRADE C,
DE ANGELIS M,DEANGELIS M,
DE ANGELIS R,DEANGELIS R,
DE AQUINO JEF,AQUINAS,
DE AQUINO S TOMAS,AQUINAS,
DE AQUINO SANTO TOMAS,AQUINAS,
DE AQUINO TOMAS,AQUINAS,
DE ARAUJO LUIS,DEARAUJO L,
DE ARISTOTLE,ARISTOTLE,
DE ARMAS MAGANA D,DEARMAS M,
DE AZEVEDO S,DEAZEVEDO S,
DE BALBINBEHRMANN R,DEBALBINBEHRMANN R,
DE BALZAC H,DEBALZAC H,
DE BALZAC HONORE,DEBALZAC H,
DE BARROS J A,DEBARROS J,
DE BARROS MANOEL,DEBARROS M,
DE BARY E,DEBARY E,
DE BARY W THEODORE,DEBARY W,
DE BEAUGRANDEDRESSLER,DEBEAUGRANDEDRESSLER,
DE BEAUVOIR S,DEBEAUVOIR S,
DE BEAUVOIR SIMONE,DEBEAUVOIR S,
DE BEAVOIR S,DEBEAUVOIR S,
DE BEISTEGUI M,DEBEISTEGUI M,
DE BEISTEGUI MIGUEL,DEBEISTEGUI M,
DE BEISTEGUI MIQUEL,DEBEISTEGUI M,
DE BERGERAC CYRANO,DEBERGERAC C,
DE BIRAN M,DEBIRAN M,
DE BIRAN MAINE,DEBIRAN M,
DE BOER B,DEBOER B,
DE BOER K,DEBOER K,
DE BOER KARIN,DEBOER K,
DE BOER MARTINUS C,DEBOER M,
DE BOER P A H,DEBOER P,
DE BOER T,DEBOER T,
DE BOER TH,DEBOER T,
DE BOER THEODORE,DEBOER T,
DE BOLLA P,DEBOLLA P,
DE BONIS MONIQUE,DEBONIS M,
DE BORNECQUE H,DEBORNECQUE H,
DE BOUGAINVILLE LA,DEBOUGAINVILLE L,
DE BRIGARD F,DEBRIGARD F,
DE BRUIN L,DEBRUIN L,
DE BRUIN LC,DEBRUIN L,
DE CALAN R,DECALAN R,
DE CALAN RONAN,DECALAN R,
DE CAMPOS AUGUSTO,DECAMPOS A,
DE CARLI F,DECARLI F,
DE CARO E,DECARO E,
DE CARO M,DECARO M,
DE CARO MARIO,DECARO M,
DE CARVALHO HBA,DECARVALHO H,
DE CARVALHO JM,DECARVALHO J,
DE CARVALHO JOSE MAURICIO,DECARVALHO J,
DE CASTRO JR,DECASTRO J,
DE CERTEAU M,DECERTEAU M,
DE CERTEAU MICHEL,DECERTEAU M,
DE CERVANTES M,DECERVANTES M,
DE CHARDIN P T,DECHARDIN P,
DE CHARDIN T,DECHARDIN T,
DE CHARMS R,DECHARMS R,
DE CLARAVAL BERNARDO,DECLARAVAL B,
DE CLERCQ R,DECLERCQ R,
DE CONDILLAC E B,DECONDILLAC E,
DE CONDILLAC E BONNOT,DECONDILLAC E,
DE CONDILLAC ETIENNE BONNOT,DECONDILLAC E,
DE COOREBYTER,DECOOREBYTER,
DE COOREBYTER V,DECOOREBYTER V,
DE COOREBYTER VINCENT,DECOOREBYTER V,
DE CORTE J,DECORTE J,
DE CRAEN AJM,DECRAEN A,
DE CRESCENZO GIOVANNI,DECRESCENZO G,
DE CROUSAZ JEANPIERRE,DECROUSAZ J,
DE CRUZ H,DECRUZ H,
DE CUSA NICOLAS,DECUSA N,
DE DECKER B,DEDECKER B,
DE DELEUZE G,DELEUZE G,
DE DUVE T,DEDUVE T,
DE DUVE THIERRY,DEDUVE T,
DE ECHANDIA G R,DEECHANDIA G,
DE ELEY LOTHAR,DEELEY L,
DE EMESA NEMESIO,DEEMESA N,
DE FAWN RICK,DEFAWN R,
DE FERDKIN S W,DEFERDKIN S,
DE FINETTI B,DEFINETTI B,
DE FLORES TOMAS,DEFLORES T,
DE FOCKERT JW,DEFOCKERT J,
DE FOLTER R J,DEFOLTER R,
DE GANDILLAC M,DEGANDILLAC M,
DE GANDILLAC MAURICE,DEGANDILLAC M,
DE GANDT F,DEGANDT F,
DE GANDT FRANCOIS,DEGANDT F,
DE GANT F,DEGANDT F,
DE GARDELLE V,DEGARDELLE V,
DE GAULTIER JULES,DEGAULTIER J,
DE GAYNESFORD MAXIMILIAN,DEGAYNESFORD M,
DE GELDER B,DEGELDER B,
DE GENNARO I,DEGENNARO I,
DE GENNARO L,DEGENNARO L,
DE GRAMONT J,DEGRAMONT J,
DE GRAMONT JEROME,DEGRAMONT J,
DE GRAMONT S,DEGRAMONT S,
DE GREEF JAN,DEGREEF J,
DE GROOT A,DEGROOT A,
DE GROOT A D,DEGROOT A,
DE GROOT AD,DEGROOT A,
DE GROOT J,DEGROOT J,
DE GURBERT GP,DEGURBERT G,
DE HAAN S,DEHAANS S,
DE HARO A SERRANO,DEHARO A,
DE HARO AGUSTIN SERRANO,DEHARO A,
DE HARO AS,DEHARO A,
DE HARO SERRANO,DEHARO A,
DE HEIDEGGER,HEIDEGGER M,
DE HIPONA AGUSTIN,AUGUSTINE,
DE HOLANDA AURDLIO BUARQUE,DEHOLANDA A,
DE HOOGE IE,DEHOOGE I,
DE HUMBOLDT A,VONHUMBOLDT W,
DE HUSSERL,HUSSERL E,
DE HUSSERL KRISIS,HUSSERL E,
DE JAEGHER H,DEJAEGHER H,
DE JESUS P,DEJESUS P,
DE JING DAO,DEJING D,
DE JONG J W,DEJONG J,
DE JONG JW,DEJONG J,
DE JOUVENEL B,DEJOUVENEL B,
DE KESEL MARC,DEKESEL M,
DE KOCK L,DEKOCK L,
DE KONING AJJ,DEKONING A,
DE KORT SR,DEKORT S,
DE LA BOETIE E,DELABOETIE E,
DE LA BOETIE ETIENNE,DELABOETIE E,
DE LA CADENA NB,DELACADENA N,
DE LA CORTE LUIS,DELACORTE L,
DE LA CROIX JEAN,JOHN OF THE CROSS,
DE LA CRUZ SAN JUAN,DELACRUZ S,
DE LA CRUZ VALLES ANTONIO,DELACRUZ V,
DE LA CUESTA BENJUMEA CARMEN,DELACUESTA B,
DE LA FORGE L,DELAFORGE L,
DE LA FUENTE VT,DELAFUENTE V,
DE LA GARANDERIE A,DELAGARANDERIE A,
DE LA HERA MARTINEZ J,DELAHERA M,
DE LA MAZA LUIS MARIANO,DELAMAZA L,
DE LA RUBIA F J,DELARUBIA F,
DE LA TORRE A,DELATORRE A,
DE LA VALLEE POUSSIN L,DELAVALLEE P,
DE LACLOS F FRUTEAU,DELACLOS F,
DE LACLOS FREDERIC FRUTEAU,DELACLOS F,
DE LAET M,DELAET M,
DE LAGUNA G A,DELAGUNA G,
DE LAGUNA GA,DELAGUNA G,
DE LANCEY C,DELANCEY C,
DE LANDA DIEGO,DELANDA D,
DE LANDAZURI CO,DELANDAZURI C,
DE LARA F,DELARA F,
DE LARA FRANCISCO,DELARA F,
DE LATOUR SG,DELATOUR S,
DE LAUNAY M,DELAUNAY M,
DE LAUNAY MARC,DELAUNAY M,
DE LAURENTIIS A,DELAURENTIIS A,
DE LAURENTIIS ALLEGRA,DELAURENTIIS A,
DE LAURETIS T,DELAURETIS T,
DE LAURETIS TERESA,DELAURETIS T,
DE LECEA RODRIGUEZ,DELECEA R,
DE LEEUW MARC,DELEEUW M,
DE LERNER RRP,DELERNER R,
DE LIBERA A,DELIBERA A,
DE LIBERA ALAIN,DELIBERA A,
DE LILLO D,DELILLO D,
DE LIMA ERICK C,DELIMA E,
DE LIMA MAG,DELIMA M,
DE LOCHT PIERRE,DELOCHT P,
DE LOYOLA MI,DELOYOLA M,
DE LUBAC H,DELUBAC H,
DE LUBAC HENRI,DELUBAC H,
DE LUBACS HENRI,DELUBACS H,
DE LUBICZ R A SCHWALLER,DELUBICZ R,
DE LUCA TIAGO,DELUCA T,
DE LYON IRENEO,DELYON I,
DE LYSER DYDIA,DELYSER D,
DE MACEDO DUARTE A,DEMACEDO D,
DE MALBERG RAYMOND CARRE,DEMALBERG R,
DE MAN P,DEMAN P,
DE MAN PAUL,DEMAN P,
DE MANS,DEMAN P,
DE MANUEL VM,DEMANUEL V,
DE MARCHI PAOLA PREMOU,DEMARCHI P,
DE MARTIN HEIDEGGER,HEIDEGGER M,
DE MARTINEZ J M M,DEMARTINEZ J,
DE MARTINO B,DEMARTINO B,
DE MARTINO E,DEMARTINO E,
DE MARTINO ERNESTO,DEMARTINO E,
DE MAUPASSANT G,DEMAUPASSANT G,
DE MAURO T,DEMAURO T,
DE MAZA L M,DEMAZA L,
DE MELO NETO JOAO CABRAL,DEMELO C,
DE MENESES KACG,DEMENESES K,
DE MENESES RDB,DEMENESES R,
DE MICHELI MARIO,DEMICHELI M,
DE MONTAIGNE M,MONTAIGNE M,
DE MONTAIGNE MICHEL,MONTAIGNE M,
DE MONTHERLANT HENRY,DEMONTHERLANT H,
DE MONTICELLI R,DEMONTICELLI R,
DE MONTICELLI ROBERTA,DEMONTICELLI R,
DE MORGAN A,DEMORGAN A,
DE MORGAN AUGUSTUS,DEMORGAN A,
DE MOURA C A R,DEMOURA C,
DE MUL JOS,DEMUL J,
DE MURALT A,DEMURALT A,
DE MURALT ANDRE,DEMURALT A,
DE MUTH SUSAN,DEMUTH S,
DE MUZAN MICHEL,DEMUZAN M,
DE NATOLE D,DENATOLE D,
DE NEGRI E,DENEGRI E,
DE NERVAL G,DENERVAL G,
DE NERVAL GERARD,DENERVAL G,
DE NEYS W,DENEYS W,
DE NICOL R,DENICOL R,
DE NIGRIS F,DENIGRIS F,
DE NIZA GREGORIO,DENIZA G,
DE NYS MARTIN,DENYS M,
DE NYS MJ,DENYS M,
DE OLANETA JOSE J,DEOLANETA J,
DE OLIVEIRA IV,DEOLIVEIRA I,
DE OLIVEIRA N,DEOLIVEIRA N,
DE OLIVEIRA NYTHAMAR,DEOLIVEIRA N,
DE OLIVEIRA RF,DEOLIVEIRA R,
DE OLIVEIRA ROBERTA PIRES,DEOLIVEIRA R,
DE PALMA V,DEPALMA V,
DE PASCALE CARLA,DEPASCALE C,
DE PAUL M,DEMAN P,
DE PAULO CJN,DEPAULO C,
DE PAZ O,DEPAZ O,
DE PERETTI CRISTINA,DEPERETTI C,
DE PINEDO M,DEPINEDO M,
DE PREESTER H,DE PREESTER H,
DE PREESTER HELENA,DEPREESTER H,
DE QUEIROZ M I C,DEQUEIROZ M,
DE QUINCEY THOMAS,DEQUINCEY T,
DE RAULIN ARNAUD,DERAULIN A,
DE REBECQUE CONSTANT BH,DEREBECQUE C,
DE REGT H W,DEREGT H,
DE REGT HW,DEREGT H,
DE RICHIR CARTESIANISMO,RICHIR M,
DE RICHIR NOTA,DERICHIR N,
DE RICOEUR,RICOEUR P,
DE RIJK L M,DERIJK L,
DE RIJK LAMBERTUS MARIE,DE RIJK L,
DE RIVE HENRI,DERIVE H,
DE RIVERA J,DERIVERA J,
DE RIVERA JOSEPH,DERIVERA J,
DE ROO N,DEROO N,
DE ROSA A,DEROSA A,
DE ROYAUMONT CAHIERS,DEROYAUMONT C,
DE SAINT AUBERT E,DESAINTAUBERT E,
DE SAINT AUBERT EMMANUEL,DESAINTAUBERT E,
DE SAINTAUBERT E,DESAINTAUBERT E,
DE SAINTAUBERT EMMANUEL,DESAINTAUBERT E,
DE SALAS J,DESALAS J,
DE SALES ANNE,DESALES A,
DE SAN MARTIN J,DESANMARTIN J,
DE SANCTIS F P,DESANCTIS F,
DE SANDLER I,DESANDLER I,
DE SANTIS D,DESANTIS D,
DE SANTIS DANIELE,DESANTIS D,
DE SAUSSURE F,DESAUSSURE F,
DE SAUSSURE FERDINAND,DESAUSSURE F,
DE SAUVERZAC JEANFRANCOIS,DESAUVERZAC J,
DE SCHEPPER EIT,DESCHEPPER E,
DE SEPULVEDA J GINES,DESEPULVEDA J,
DE SILVA HR,DESILVA H,
DE SILVACHARRAK CLARA,DESILVACHARRAK C,
DE SMEDT J,DESMEDT J,
DE SOUSA LA,DESOUSA L,
DE SOUSA R,DESOUSA R,
DE SOUSA RONALD,DESOUSA R,
DE SPINOZA BARUH,SPINOZA B,
DE STAEL MADAME,DESTAEL M,
DE TIENNE ANDRE,DETIENNE A,
DE TOCQUEVILLE A,DETOCQUEVILLE A,
DE TOCQUEVILLE ALEXIS,DETOCQUEVILLE A,
DE TONI G A,DETONI G,
DE TONI GA,DETONI G,
DE TOWARNICKI F,DETOWARNICKI F,
DE TUDELA PEREZ,DETUDELA P,
DE UGALDE MARTIN,DEUGALDE M,
DE ULLOA A,DEULLOA A,
DE UNAMUNO MIGUEL,UNAMUNO M,
DE URBINA ORTIZ,DEURBINA O,
DE URBINA RICARDO S ORTIZ,DEURBINA R,
DE URBINA RICARDO SANCHEZ ORTIZ,DEURBINA R,
DE URBINA RSO,DEURBINA R,
DE URBINA SANCHEZ ORTIZ,DEURBINA R,
DE VECCHI F,DEVECCHI F,
DE VECCHI FRANCESCA,DEVECCHI F,
DE VERGOTTINI GIUSEPPE,DEVERGOTTINI G,
DE VIGNEMONT F,DEVIGNEMONT F,
DE VIGNEMONT FREDERIQUE,DEVIGNEMONT F,
DE VILLIERS J,DEVILLIERS J,
DE VILLIERS J G,DEVILLIERS J,
DE VINCENZIS F,DEVINCENZIS F,
DE VITORIA F,DEVITORIA F,
DE VLEESCHAUWER HERMAN,DEVLEESCHAUWER H,
DE VOS J,DEVOS J,
DE VOS L,DEVOS L,
DE VOS LU,DEVOS L,
DE VRIES H,DEVRIES H,
DE VRIES HENT,DEVRIES H,
DE VRIES W,DEVRIES W,
DE VRIES WILLEM,DEVRIES W,
DE WAAL C,DEWAAL C,
DE WAAL CORNELIS,DEWAAL C,
DE WAAL CORNELLS,DEWAAL C,
DE WAAL F,DEWAAL F,
DE WAAL F B,DEWAAL F,
DE WAAL F B M,DEWAAL F,
DE WAAL FBM,DEWAAL F,
DE WAAL FRANS,DEWAAL F,
DE WAEHLENS ALPHONSE,DEWAEHLENS A,
DE WAELHENS A,DEWAEHLENS A,
DE WAELHENS ALPHONSE,DEWAEHLENS A,
DE WARREN N,DEWARREN N,
DE WARREN NICHOLAS,DEWARREN N,
DE WARREN NICOLAS,DEWARREN N,
DE WINTER J,DEWINTER J,
DE WINTER ORBAIN J,DEWINTER J,
DE WIT H,DEWIT H,
DE WITT L,DEWITT L,
DE WOLF T,DEWOLF T,
DE ZAN J,DEZAN J,
DEALMEIDA,DEALMEIDA O,
DEAUGUSTIN SAINT,AUGUSTINE,
DEGANDT,DEGANDT F,
DEHEGEL,HEGEL G,
DEL ARCO J,DELARCO J,
DEL BARCO O,DELBARCO O,
DEL BIANCO T,DELBIANCO T,
DEL CANO JMM,DELCANO J,
DEL CARMEN MARIA,DELCARMEN M,
DEL CARO A,DELCAROA,
DEL CUL A,DELCUL A,
DEL GIUDICE M,DELGIUDICE M,
DEL MINISTRO M,DELMINISTRO M,
DEL NOCE AUGUSTO,DELNOCE A,
DEL PINO CASTILLA C,DELPINO C,
DEL POZZO CASIANO,DELPOZZO C,
DEL RIO E,DELRIO E,
DEL RIO ELENA,DELRIO E,
DEL RIO R FERNANDEZLOMANA,DELRIOE,
DEL ROSAL FI,DELROSAL F,
DELAMARREMARTY,DELAMARRE M,
DELAMAZA,DELAMAZA M,
DELEUZC GILLES,DELEUZE G,
DELEUZE,DELEUZE G,
DELEUZE C,DELEUZE G,
DELEUZE G,DELEUZE G,
DELEUZE GILES,DELEUZE G,
DELEUZE GILLE,DELEUZE G,
DELEUZE GILLESFELIX GUATTARI,DELEUZE G,
DELEUZE J,DELEUZE G,
DELEUZE JILLES,DELEUZE G,
DELEUZE LIKE,DELEUZE G,
DELEUZES GILLES,DELEUZE G,
DELEZ G,DELEUZE G,
DELPECHE LEONJACQUES,DELPECH L,
DELUZE G,DELEUZE G,
DEMAUSS,MERLEAUPONTY M,
DENNETT,DENNETT D,
DENNETT BC,DENNETT D,
DENNETT C D,DENNETT D,
DENNETT C DANIEL,DENNETT D,
DENNETT CD,DENNETT D,
DENYS,DENYS M,
DEP HLTH,NA,british department of health
DEPARTMENT FOR EDUCATION AND SKILLS DFES,NA,
DEPARTMENT OF HEALTH,NA,
DEPARTMENT OF HEALTH AND SOCIAL CARE,NA,
DEPRAZ PAR NATALIE,DEPRAZ N,
DEPROUDHON V,PROUDHON P,
DERIDA ZAK,DERRIDA J,
DERRIDA,DERRIDA J,
DERRIDA I,DERRIDA J,
DERRIDA VER J,DERRIDA J,
DERRIDA Z,DERRIDA J,
DERRIDA ZH,DERRIDA J,
DERRIDAS,DERRIDAS J,
DERS,NA,I think these are abbreviations
DERS VGL,NA,I think these are abbreviations
DESAINTEXPUERY A,DESAINTEXUPERY A,
DESAINTJUST ANTOINELOUIS,DESAINTJUST L,
DESANTI TJ,DESANTI J,
DESAUSSER F,DESAUSSURE F,
DESCAIRRES RENE,DESCARTES R,
DESCARTES,DESCARTES R,
DESIDERI,DESIDERI F,
DESMOND,DESMOND W,
DEVRIES,DEVRIES H,
DEWAAL,DEWAAL F,
DEWAELHENS MA,DEWAELHENS A,
DEWEY,DEWEY J,
DEWHALENS A,DEWAEHLENS A,
DEWITTE VAJ,DEWITTE J,
DEYK T A VAN,VANDEYK T,
DHONDT SJ,DHONDT J,
DHONNT J,DHONDT J,
DI AMBRA RAFFAELLA,DIAMBRA R,
DI BELLA S,DIBELLA S,
DI BENEDETTO V,DIBENEDETTO V,
DI BETTY FRIEDAN,DIBETTY F,
DI BONA E,DIBONA E,
DI BRUZZONE D,DIBRUZZONE D,
DI CESARE D,DICESARE D,
DI CESARE DONATELLA,DICESARE D,
DI COSMO R,DICOSMO R,
DI D BARBIERI,BARBIERI D,
DI FAZIO C,DIFAZIO C,
DI FRANCESCO M,DIFRANCESCO M,
DI FRANCESCO MICHELE,DIFRANCESCO M,
DI FRIEDBERG M S,DIFRIEDBERG M,
DI G PIANA,PIANA G,
DI GIORGI F,DIGIORGI F,
DI GIOVANNI B,DIGIOVANNI B,
DI GIOVANNI G,DIGIOVANNI G,
DI GIOVANNI GEORGE,DIGIOVANNI G,
DI GREGORI M C,DIGREGORI M,
DI KNOX T M,DIKNOX T,
DI LORENZO PM,DILORENZO P,
DI MARTINO C,DIMARTINO C,
DI MARTINO CARMINE,DIMARTINO C,
DI MAZZARELLA E,DIMAZZARELLA E,
DI MINO V,DIMINO V,
DI NUCCI E,DINUCCI E,
DI PALMA GIUSEPPE,DIPALMA G,
DI PAOLO E,DIPAOLO E,
DI PAOLO E A,DIPAOLO E,
DI PAOLO EA,DIPAOLO E,
DI PAOLO EZEQUIEL A,DIPAOLO E,
DI PELLEGRINO G,DIPELLEGRINO G,
DI PETTA G,DIPETTA G,
DI PIERRO E GONZALEZ,DIPIERRO E,
DI PIERRO EG,DIPIERRO E,
DI S RAVAIOLI,RAVAIOLI S,
DI SAVERIO G,DISAVERIO G,
DI SIMPLICIO M,DISIMPLICIO M,
DIAZ ALVAREZ J M,DIAZALVAREZ J,
DIAZ ALVAREZ JESUS M,DIAZALVAREZ J,
DIAZ DIAZ GONZALO,DIAZDIAZ G,
DICE HEIDEGGER COMO,HEIDEGGER M,
DICI DERRIDA,DERRIDAS J,
DIDIHUBERMANN,DIDIHUBERMANN G,
DIELSKRANZ,NA,name for presocratic things
DIES,DIES A,
DILTEY V,DILTHEY W,
DILTEY W,DILTHEY W,
DILTHEY,DILTHEY W,
DIOGENES LAERTI,DIOGENES LAERTIUS,
DIOGENES OENOAN,DIOGENES OF OENOANDA,
DO CARMO IN,DOCARMO I,
DOBKIN DE RIOS M,DOBKINDERIOS M,
DOBRYNIN DA,DOBRYNIN A,
DOERR-ZEGERS O,DOERRZEGERS O,
DOGEN,DOGENZENJI,
DOGEN ZENJI,DOGENZENJI,
DOK I HUA,HUSSERL E,
DOK III HUA,HUSSERL E,
DOMHOFF W G,DOMHOFF G,
DOMINGO MORATALLA A,DOMINGOMORATALLA A,
DOMINGO MORATALLA T,DOMINGOMORATALLA A,
DONALD DAVIDSON,DAVIDSON D,
DOS REIS PIEDADE J I,DOSREIS P,
DOS SANTOS J H,DOSSANTOS J,
DOS SANTOS R,DOSSANTOS R,
DOS SANTOS V,DOSSANTOS V,
DOSEN K,DUSING K,
DOSING DE KLAUS,DUSING K,
DOSING K,DUSING K,
DOSTOEVSKI FM,DOSTOEVSKY F,
DOSTOEVSKIJ F M,DOSTOEVSKY F,
DOSTOEVSKU F,DOSTOEVSKY F,
DOSTOIEVSKI FIODOR,DOSTOEVSKY F,
DOSTOYEVSKY F,DOSTOEVSKY F,
DOSTOYEVSKY FM,DOSTOEVSKY F,
DOSTOYEVSKY FYODOR,DOSTOEVSKY F,
DOSTTOEVSKY F,DOSTOEVSKY F,
DOUGLAS BRICK,BRICK D,
DRAY,DRAY W,
DREYFUS,DREYFUS H,
DREYFUS A,DREYFUS H,
DREYFUS D,DREYFUS H,
DREYFUS G,DREYFUS H,
DREYFUS GBJ,DREYFUS H,
DREYFUS K H,DREYFUS H,
DREYFUSS H,DREYFUS H,
DROOG DESIGN,NA,a design company?
DRR ZEGERS OTTO,DORRZEGERS O,
DRUE TH,DRUE H,
DRUMMNOD J,DRUMMOND J,
DRUMMNOND J,DRUMMOND J,
DRUMMOND,DRUMMOND J,
DRUMOND J,DRUMMOND J,
DSM IV TR,NA,
DSMIVTR,NA,depression test
DU BEAUVOIR SIMONE,DEBEAUVOIR S,
DU BELLAY JOACHIM,DUBELLAY J,
DU BOIS W E B,DUBOIS W,
DU BOIS WEB,DUBOIS W,
DU BOIS WILLIAM E B,DUBOIS W,
DU BOIS WILLIAM EDWARD BURGHARDT,DUBOIS W,
DU BOISS W E B,DUBOIS W,
DU FEU M,DUFEU M,
DU GAY P,DUGAY P,
DU SAUTOY M,DUSAUTOY M,
DUBOIS MJ,DUBOIS J,
DUBROVSKII D I,DUBROVSKY D,
DUBROVSKII DI,DUBROVSKY D,
DUBROVSKIY D,DUBROVSKY D,
DUDENREDAKTION H,NA,DICTIONARY
DUINTJER,DUINTJER O,checked aper
DUMMET M,DUMMETT M,
DUMMET MICHAEL,DUMMETT M,
DUMRNET MICHAEL,DUMMETT M,
DUPORTAIL,DUPORTAIL G,
DUPORTAIL FELIX,DUPORTAIL G,
DUPORTAILS GUYFELIX,DUPORTAIL G,
DURD'OVIC M,DURDOVIC M,
DUSING,DUSING K,
DY-LIACCO V,DYLIACCO V,
DZIUBALSKAKOLACK,DZIUBALSKAKOLACZYK K,
EAD,NA,?
EAST SUSSEX PUBLIC HEALTH DEPARTMENT,NA,
EASTON,EASTON D,
ECKEHART,ECKHART M,
ECKEHART M,ECKHART M,
ECKHART MAITRE,ECKHART M,
ECRIT,LEVINAS E,
EDDIE J,EDIE J,
EDIE,EDIE J,
EDITH STEIN,STEIN E,
EDMUND E,HUSSERL E,
EDMUND H,HUSSERL E,
EDMUND HUSSERL,HUSSERL E,
EDMUND HUSSERL PHANTASIA,HUSSERL E,
EDWARD,SAID E,
EIBLEIBESFELDT,EIBLEIBESFELDT I,
EIGIER G,EIGLER G,
EISENSTEIN,EISENSTEIN S,
EL GRECO,EL GRECO,
ELISABETH FORSTERNIETZSCHE,FORSTERNIETZSCHE E,
ELISABETH PACHERIE,PACHERIE E,
ELIZABETH RADCLIFFE,RADCLIFFE E,
ELLIOT TS,ELIOT T,
ELVINAS E,LEVINAS E,
EM,NA,impossible to find
EMBREE,EMBREE L,
EMERICH,NA,Couldnt find on paper
EMIL LFACKENHEIM,FACKENHEIM E,
EMMANUEL DE SAINT AUBERT,DESAINTAUBERT E,
EMMANUEL L,LEVINAS E,
EMMANUEL LEVINAS,LEVINAS E,
EMMANYUEL LEVINAS PU,LEVINAS E,
EMPIRICUS S,SEXTUS EMPIRICUS,
EMPIRICUS SEXTUS,SEXTUS EMPIRICUS,
EN VOGUE,NA,
ENCYCLOPAEDIA BRITAN,NA,
ENGELHARDT DIETRICH VON,VONENGELHARDT D,
ENGELHARDT JR TRISTRAM H,ENGELHARDT T,
ENGLEHARDT HT,ENGELHARDT H,
ENRICO BERTI,BERTI E,
ENZYKLOPADIE PHILOSO,NA,
EPICURO,EPICURUS,
ERASME,ERASMUS,
ERICH,PRZYWARA E,
ERINNEM FREUD S,FREUD S,
ERNILDO STEIN,STEIN E,
ERNST,GOETHE J,
ERRIDA J,DERRIDA J,
ERSTE PHILOSOPHIE,HUSSERL E,
ERSTE PREISAUFGABE DER KANTGESELLSCHAFT,Bauch B,
ESPINAL PREZ CRUZ ELENA,ESPINALPEREZ C,
ESPOSITIO C,ESPOSITO C,
ESSAIS N,NA,
ESSAYS IN PHILOSOPHY,NA,
ESSAYS ON THE PHILOSOPHY OF JAAKKO HINTIKKALLA,NA,
ESTA FRASE INTRO HUS,NA,phrase
ESW,NA,pretty sure this is an abbreviation
EUBEN P,EUBEN J,
EUKLEIDES,EUCLID,
EUR UN,NA,
EURIPID,EURIPIDES,
EURIPIDES BAKCHANTKY,EURIPIDES,
EVOLUTION CREATRICE,BERGSON H,Bergson's book
EXISTENCE EXISTENTS,LEVINAS E,Levinas' book
EZHEGODNIK PO FENOME,MOLCHANOV V,ÑÑÐ»ÐµÐ´Ð¾Ð²Ð°Ð½Ð¸Ñ no Ñ„ÐµÐ½Ð¾Ð¼ÐµÐ½Ð¾Ð»Ð¾Ð³Ð¸Ð¸ ÑÐ¾Ð·Ð½Ð°Ð½Ð¸Ñ. [Rese
F PESS CO,PESSOA F,
F VOLPI,VOLPI F,
FACULDADE DEHONIANA,NA,
FACULTAD DE FILOSOFIA Y LETRAS DE LA UNIVERSIDAD CENTRAL,NA,
FANONS FRANTZ,FANON F,
FAOUCAULT M,FOUCAULT M,
FARBER,FARBER M,
FAUCAULT MICHEL,FOUCAULT M,
FEBRER BARAHONA ALBERO,FEBRERBARAHONA A,
FECHNEROVI T,FECHNEROVI T,
FELLMAN F,FELLMANN F,
FENOMENOLOGIYA I EE,NA,
FERENCZ-FLATZ C,FERENCZFLATZ C,
FERNANDEZ BEITES PILAR,FERNANDEZBEITES P,
FERRAN I,VENDRELLFERRAN I,
FERRAN I VENDRELL,VENDRELLFERRAN I,
FERRAN INGRID VENDRELL,VENDRELLFERRAN I,
FERRATER J,FERRATERMORA J,
FERRATER MORA J,FERRATERMORA J,
FERRATER MORA JOSE,FERRATERMORA J,
FERREIRA,FERREIRA M,
FEUERBACH,FEUERBACH L,
FICHTE,FICHTE J,
FILIPOVIC LJILJANA,FILIPOVIC L,
FILIPOVYCH L,FILIPOVIC L,
FILOSOFYI FRANTSII,NA,
FINDLAY,FINDLAY J,
FINDLEY JS,FINDLEY J,
FISHBANE,FISHBANE M,
FISHER,FISHER S,
FLAY,FLAY J,
FLEISCHACKER,FLEISCHACKER S,
FLLESDAL D,FOLLESDAL D,
FLORENSKII,FLORENSKY P,
FLORENSKII P,FLORENSKY P,
FLORENSKII PAVEL,FLORENSKY P,
FLORENSKIJ P,FLORENSKY P,
FLYNN,FLYNN T,
FM,NA,
FODOR,FODOR J,
FOLLENDAL D,FOLLESDAL D,
FOLLESDALL D,FOLLESDAL D,
FONTANTA D,FONTANA D,
FOR MENT CAP WELL,NA,
FORTHCOMING HORGAN T,HORGAN T,
FOSTER,FOSTER K,
FOUCAULT,FOUCAULT M,
FOUCAULT PM,FOUCAULT M,
FOUCAULTS M,FOUCAULT M,
FOUCAULTSCLARIF M,FOUCAULT M,
FOUCUALT M,FOUCAULT M,
FRAGATA J,FRAGATA J,
FRAGATA SJ J,FRAGATA J,
FRANCAISE NOUVELLE REVUE,NA,magazine
FRANCIS,POPE FRANCIS,pope frnacis
FRANCK,FRANCK D,checked paper
FRANZ,BRENTANO F,
FRANZ BRENTANO,BRENTANO F,
FREEDOM AM,NA,Arthur Miller Freedom to Write Lecture
FREGE,FREGE G,
FREGE F,FREGE G,
FREGE FRIEDERICH GOTTLOB,FREGE G,
FREUD,FREUD S,
FRIED,FRIED G,
FRIEDLAENDER P,FRIEDLANDER P,
FRIEDRICH G W,HEGEL G,
FRIEDRICH HEGEL GEORG WILHELM,HEGEL G,
FRIEDRICH NIETZSCHE,NIETZSCHE F,
FRIEDRICH SCHILLER,SCHILLER F,
FRIEDRICH SCHLEIERMACHER,SCHLEIERMACHER F,
FRIEDRICH VON HARDENBERG NOVALIS,NOVALIS,pseudonym
FRITZ K VON,VONFRITZ K,
FROMANN WAYNE,FROMAN W,
FRUTEAU DELACLOS FREDERIC,DELACLOS F,
FUENTE-ALBA F,FUENTEALBA F,
FULDE HF,FULDA H,
FULFORD W,FULFORD K,
GA,NA,
GADAMER,GADAMER H,
GADAMER G,GADAMER H,
GADAMER G G,GADAMER H,
GADAMERJA HANSGEORGA,GADAMER H,
GADAMERS,GADAMER H,
GADARNER H G,GADAMER H,
GADOMER HG,GADAMER H,
GAHRN-ANDERSEN R,GAHRNANDERSEN R,
GALILEI G,GALILEO G,
GALILEI GALILEO,GALILEO G,
GALILEO,GALILEO G,
GALLAGHER,GALLAGHER S,
GALLAGHER D,GALLAGHER S,This was a typo in the original text
GALLAHER S,GALLAGHER S,
GALLUP,GALLUP G,
GALT CROWELL S,CROWELL S,
GARCES FERRER R,GARCESFERRER R,
GARCIA ALONSO RAFAEL,GARCIAALONSO R,
GARCIA ASTRADA A,GARCIAASTRADA A,
GARCIA BACCA J D,GARCIABACCA J,
GARCIA BARD M,GARCIABARO M,
GARCIA BARO M,GARCIABARO M,
GARCIA CANCLINI N,GARCIACANCLINI N,
GARCIA FJ OLMO,GARCIAOLMO F,
GARCIA GUAL C,GARCIAGUAL C,
GARCIA JARAMA J C,GARCIAJARAMA J,
GARCIA LOPEZ J,GARCIALOPEZ J,
GARCIA LORCA FEDERICO,GARCIALORCA F,
GARCIA MORENTE M,GARCIAMORENTE M,
GARCIA NORRO J J,GARCIANORRO J,
GARCIA PELAYO PEREZ,PEREZGARCIA P,
GARCIA PRADA O,GARCIAPRADA O,
GARCIA ROJO E,GARCIAROJO E,
GARCIA-ALANDETE J,GARCIAALANDETE J,
GARCIA-BARO M,GARCIABARO M,
GARRERA-TOLBERT N,GARRERATOLBERT N,
GARRIDO PERIN JUAN JOS,GARRIDOPERINAN J,
GARRIDO-MATURANO A,GARRIDOMATURANO AE,
GARRIDO-MATURANO AE,GARRIDOMATURANO AE,
GARRIDOPERINNAN J J,GARRIDOPERINAN J,
GASSET J,ORTEGAYGASSET J,
GASSET J ORREGA Y,ORTEGAYGASSET J,
GASSET J ORTEGA Y,ORTEGAYGASSET J,
GASSET JO,ORTEGAYGASSET J,
GASSET JOSE,GASSET JOSE,
GASSET JOSE ORTEGA Y,ORTEGAYGASSET J,
GASSET JOY,ORTEGAYGASSET J,
GASSET ORTEGA,ORTEGAYGASSET J,
GAWRONSKI EGALEMENT ALFRED,GAWRONSKI A,
GEERTH CLIFFORD,GEERTZ C,
GEGEL G,HEGEL G,
GEGEL G V,HEGEL G,
GEGEL G V F,HEGEL G,
GEGEL G W F,HEGEL G,
GEGEL GVF,HEGEL G,
GEHIRN VERHALTEN,GIAMPIERI-DEUTSCH P,citing a book
GELVEN,GELVEN M,
GENERAL SYSTEMS,NA,
GENIUIAS S,GENIUSAS S,
GEOMETRICKEM DUCHU,PASCAL B,pascal's book
GEORGE,GEORGE P,
GEORGGADAMER H,GADAMER H,
GERARD,HUSSERL E,It's gerard/febre (or something) translation
GERT,GERT J,
GESAMMELTE WERKE,HUSSERL E,KRITISCHE IDEENGESCH
GESAMTAUSGABE,HEIDEGGER M,Heidegger's collected work
GETHMANN GF,GETHMANN C,
GETHMANN K F,GETHMANN C,
GETHMANNS CF,GETHMANN C,
GIAMPIERI P,GIAMPIERIDEUTSCH P,
GIAMPIERI-DEUTSCH P,GIAMPIERIDEUTSCH P,
GIBAS R W,GIBBS R,
GIBBS JR R W,GIBBS R,
GIBBS JR RAYMOND,GIBBS R,
GIBBS JR RAYMOND W,GIBBS R,
GIFFORD,GIFFORD L,
GILLES DELEUZE,DELEUZE G,
GILLET C,GILLETT C,
GILSON,GILSON E,
GIORGI B,GIORGI A,
GIRARD ANNEHELENE SUAREZ,SUAREZ A,
GIUBIATO GJ,GIUBILATO G,
GLENDINNING,GLENDINNING S,
GLENN RMORROW,MORROW G,
GLOVACKIBERNARDZ,GLOVACKIBERNARD Z,
GODDARD JC,GODARD J,
GOETHE,GOETHE J,
GOETHE VON J W,GOETHE J,
GOETHE VON JOHANN WOLFGANG,GOETHE J,
GOICHONOVA AM,GOICHON A,
GOICOCHEA DP,GOICOECHEA D,
GOLDSTEIN,GOLDSTEIN J,
GOMEZ DE LA SERNA R,GOMEZDELASERNA R,
GOMEZ REDONDO FERNANDO,GOMEZREDONDO F,
GONDEK,GONDEK H,
GONZALEZ FERNANDEZ ENRIQUE,GONZALEZFERNANDEZ E,
GONZALEZ GARCIA M,GONZALEZGARCIA M,
GONZALEZ GUARDIOLA J,GONZALEZGUARDIOLA J,
GONZALEZ GUARDIOLA JOAN,GONZALEZGUARDIOLA J,
GONZALEZ RODRIGUEZARNAIZ GRACIANO R,RODRIGUEZARNAIZ G,
GONZALEZ-CASTAN OL,GONZALEZCASTAN O,
GONZALEZDI PIERRO E,GONZALEZDIPIERRO E,
GOODMAN,GOODMAN N,
GOODMANN N,GOODMAN N,
GORDONS LEWIS R,GORDON L,
GORIZONT FENOMENOLOG,NA,JOURNAL
GOROHOV V,GOROKHOV V,
GOSETTI-FERENCEI JA,GOSETTIFERENCEI JA,
GOSLING,GOSLING J,
GOULD,GOULD S,
GP,NA,
GRAHAM,GRAHAM A,
GRANEL,GRANEL G,
GRANEL PAR GERARD,GRANEL G,
GRATTAN-GUINNESS I,GRATTANGUINNESS I,
GRAZIANO MSA,GRAZIANO A,
GRECO EL,EL GRECO,
GREENBERG,GREENBERG C,
GREGORY OF NYSSA,GREGORY OF NYSSA,
GREIMAS J,GREIMAS A,
GRICE P,GRICE H,
GRICE PAUL,GRICE H,
GRIFFI THS D E,GRIFFITHS D,
GRISWOLD JR CHARLES L,GRISWOLD C,
GRUNDPROBLEME PHANOM,HEIDEGGER M,
GRUSH,GRUSH R,
GRUWITSCH A,GURWITSCH A,
GUARDIAN THE,NA,
GULICK R VAN,VANGULICK R,
GULICK VAN,VANGULICK R,
GUNNELL,GUNNELL J,
GURSWITSCH A,GURWITSCH A,
GURTWISCH ARON,GURWITSCH A,
GURVITCH,GURVITCH G,
GURWITCH A,GURWITSCH A,
GURWITCH ARON,GURWITSCH A,
GURWITSCH,GURWITSCH A,
GUSSEL E,HUSSERL E,
GUSSERL,HUSSERL E,
GUSSERL E,HUSSERL E,
GUSSERL EK,HUSSERL E,
GUYER,GUYER P,
GWF HEGEL,HEGEL G,
H D HILDA DOOLITTLE,DOOLITTLE H,
H GERLACH,GERLACH H,
HABERMANS J,HABERMAS J,
HABERMAS,HABERMAS J,
HABERMAS ZBJ,HABERMAS J,
HADOT,HADOT P,
HAIDEGGER M,HEIDEGGER M,
HAJDEGER MARTIN,HEIDEGGER M,
HALADEWICZ-GRZELAK M,HALADEWICZGRZELAK M,
HALDANE,DESCARTES R,Descartes translator
HALL,HALL D,
HAMMER,HAMMER E,
HAND,HAND S,
HANNAH ARENDT,ARENDT H,
HANNAY R ALASTAIR,HANNAY A,
HANS JONAS,JONAS H,
HARRE SOWIE BEREITS R,HARRE R,
HARRIS,NA,
HARRIS B HENRY SILTON,HARRIS H,
HART,HART K,
HARTZ,HARTZ L,
HARV MED SCH,NA,
HARVARD UNIVERSITY,NA,
HAWKINGS S W,HAWKING S,
HAYDEGER M,HEIDEGGER M,
HAYDEGGER M,HEIDEGGER M,
HAYDEGGER MO,HEIDEGGER M,
HCIDCGGCR MARTIN,HEIDEGGER M,
HDIEGGER M,HEIDEGGER M,
HDOGSON B,HODGSON B,
HECK JR RICHARD G,HECK R,
HEDEGGER M,HEIDEGGER M,
HEGE,HEGEL G,
HEGEL,HEGEL G,
HEGEL C,HEGEL G,
HEGEL F,HEGEL G,
HEGEL F W,HEGEL G,
HEGEL GWT,HEGEL G,
HEGEL J G F,HEGEL G,
HEGEL MEINER G W F,HEGEL G,
HEGEL P,HEGEL G,
HEGEL SWF,HEGEL G,
HEGEL W,HEGEL G,
HEGEL WF,HEGEL G,
HEGEL WGF,HEGEL G,
HEGELOVU K,HEGEL G,
HEGELS IDEALISM SATI,NA,
HEGELS PHILOS SUBJEC,NA,
HEIDAEGGER MARTIN,HEIDEGGER M,
HEIDDEGER M,HEIDEGGER M,
HEIDEGEER MARTIN,HEIDEGGER M,
HEIDEGER MARTIN,HEIDEGGER M,
HEIDEGGE.M,HEIDEGGER M,
HEIDEGGEM,HEIDEGGER M,
HEIDEGGER,HEIDEGGER M,
HEIDEGGER B,HEIDEGGER M,
HEIDEGGER C,HEIDEGGER M,
HEIDEGGER CM,HEIDEGGER M,
HEIDEGGER GA,HEIDEGGER M,
HEIDEGGER H,HEIDEGGER M,
HEIDEGGER HUSSERL,NA,
HEIDEGGER JM,HEIDEGGER M,
HEIDEGGER K,HEIDEGGER M,
HEIDEGGER MARTIM,HEIDEGGER M,
HEIDEGGER PM,HEIDEGGER M,
HEIDEGGER PRIMERJAJ MARTIN,HEIDEGGER M,
HEIDEGGER SEIN,HEIDEGGER M,
HEIDEGGER SM,HEIDEGGER M,
HEIDEGGER TAMBIEN M,HEIDEGGER M,
HEIDEGGER U,HEIDEGGER M,
HEIDEGGERA M,HEIDEGGER M,
HEIDEGGERM,HEIDEGGERM,
HEIDEGGERS,HEIDEGGERM,
HEIDEGGERS GA,HEIDEGGER M,
HEIDEGGERS M,HEIDEGGER M,
HEIDEGGERS MARTIN,HEIDEGGER M,
HEIDEGGR M,HEIDEGGER M,
HEIDGGER,HEIDEGGER M,
HEIDGGER M,HEIDEGGER M,
HEINAEMAA SARA,HEINAMAA S,
HEINRICH D,HENRICH D,
HEINRICH DIETER,HENRICH D,
HEISENEBRG W,HEISENBERG W,
HELD,HELD K,
HELDEGGER M,HEIDEGGER M,
HELLENISTISCHEN MYST,NA,
HEME DE LACOTTE SUZANNE,DELACOTTE S,
HEMINGWAY,HEMINGWAY E,
HEMOS CITADO LA EDICION DE LAS,NA,
HEMPELA HP,HEMPEL H,
HENDRIX,HENDRIX J,
HENGSTENBERG,HENGSTENBERG H,
HENNETTE VAUCHEZ STEPHANIE,HENNETTEVAUCHEZ S,
HENRICHS DIETER,HENRICH D,
HENRY,HENRY M,
HERAKLEITAS,HERACLITUS,
HERBERT MARCUSE,MARCUSE H,
HERDER,HERDER J,
HERKAKLEITAS,HERACLITUS,
HERMENEUTICS,NA,
HERNANDEZ BORQUE F,HERNANDEZBORQUE F,
HERNANDEZ SANCHEZ D,HERNANDEZSANCHEZ D,
HERRERA RESTREPO DANIEL,HERRERARESTREPO D,
HERRERO HERNANDEZ F J,HERREROHERNANDEZ F,
HERRERO HERNANDEZ FRANCISCO JAVIER,HERREROHERNANDEZ F,
HERRMANN F W,VONHERRMANN F,
HERRMANN F W VON,VONHERRMANN F,
HERRMANN FRIEDRICH WILHELM VON,VONHERRMANN F,
HERRMANN FRIEDRICHWILHELM VON,VONHERRMANN F,
HERRMANN FVVON,VONHERRMANN F,
HERRMANN FW,VONHERRMANN F,
HERRMANN FW V,VONHERRMANN F,
HERRMANN FW VON,VONHERRMANN F,
HERRMANN FWV,VONHERRMANN F,
HESYCHIUS BATOS,HESYCHIUS,
HETERINGTON S,HETHERINGTON S,
HEYD,HEYD D,
HG GADAMER,GADAMER H,
HHUSSERL E,HUSSERL E,
HIDALGO TUNON ALBERTO,HIDALGOTUNON A,
HIEDEGGER M,HEIDEGGER M,
HILDEBRADT HANSHAGEN,HILDEBRANDT H,
HINCHMAN,HINCHMAN L,
HINTIKKA J,HINTIKKA J,
HINTIKKA JAAKKO,HINTIKKA J,
HINTIKKA K J J,HINTIKKA J,
HINTIKKA MB,HINTIKKA J,
HIPONA A DE,AUGUSTINE,
HIPONA AGUSTIN DE,AUGUSTINE,
HIPPOLYTE J,HYPPOLITE J,
HISTORY WRITING,NA,
HITCHCOK C,HITCHCOCK C,
HITCHINS C,HITCHENS C,
HODGSON,HODGSON P,
HOFFMEISTER,HOFFMEISTER J,
HOFFMEISTRA J,HOFFMEISTER J,
HOFMANNSTHAL H,VONHOFMANNSTHAL H,
HOFMANNSTHAL H VON,VONHOFMANNSTHAL H,
HOHL,HOHL H,
HOLDERLIN JCF,HOLDERLIN F,
HOLMES JR O W,HOLMES O,
HOLMES JR OLIVERW,HOLMES O,
HONNET AXEL,HONNETH A,
HONNETH,HONNETH A,
HOOKWAY,HOOKWAY C,
HOPKINS,HOPKINS B,
HORACIO,HORACE,
HORAN,HORGAN T,
HORGAN,HORGAN T,
HORUJY S S,HORUZHY S,
HORUJY SS,HORUZHY S,
HORUZHIJ SS,HORUZHY S,
HUA,HUSSERL E,
HUA DOK,HUSSERL E,
HUA HUSSERL E,HUSSERL E,
HUA I,HUSSERL E,
HUA II,HUSSERL E,
HUA III,HUSSERL E,
HUA IV,HUSSERL E,
HUA IV HUSSERL E,HUSSERL E,
HUA IX,HUSSERL E,
HUA M,HUSSERL E,
HUA MAT,HUSSERL E,
HUA MAT I,HUSSERL E,
HUA MAT III,HUSSERL E,
HUA MAT IX,HUSSERL E,
HUA MAT V,HUSSERL E,
HUA MAT VII,HUSSERL E,
HUA MAT VIII,HUSSERL E,
HUA O,HUSSERL E,
HUA V,HUSSERL E,
HUA V HUSSERL E,HUSSERL E,
HUA VI,HUSSERL E,
HUA VI HUSSERL E,HUSSERL E,
HUA VII,HUSSERL E,
HUA VII HUSSERL E,HUSSERL E,
HUA VIII,HUSSERL E,
HUA X,HUSSERL E,
HUA XI,HUSSERL E,
HUA XII,HUSSERL E,
HUA XIII,HUSSERL E,
HUA XIV,HUSSERL E,
HUA XIX,HUSSERL E,
HUA XLI,HUSSERL E,
HUA XLII,HUSSERL E,
HUA XV,HUSSERL E,
HUA XVI,HUSSERL E,
HUA XVII,HUSSERL E,
HUA XVIII,HUSSERL E,
HUA XXII,HUSSERL E,
HUA XXIII,HUSSERL E,
HUA XXIV,HUSSERL E,
HUA XXIX,HUSSERL E,
HUA XXV,HUSSERL E,
HUA XXVII,HUSSERL E,
HUA XXVII HUSSERL E,HUSSERL E,
HUA XXVIII,HUSSERL E,
HUA XXX,HUSSERL E,
HUA XXXI,HUSSERL E,
HUA XXXII,HUSSERL E,
HUA XXXIII,HUSSERL E,
HUA XXXIX,HUSSERL E,
HUA XXXIX HUSSERL E,HUSSERL E,
HUA XXXV,HUSSERL E,
HUA XXXVI,HUSSERL E,
HUA XXXVIII,HUSSERL E,
HUA ZHENGREN,HUSSERL E,
HUADOK,HUSSERL E,
HUADOK VIII HUSSERL E,HUSSERL E,
HUAMAT,HUSSERL E,
HUAMAT IV,HUSSERL E,
HUAMAT IX,HUSSERL E,
HUAMAT VIII HUSSERL E,HUSSERL E,
HUEMER,HUEMER M,
HUESCAR ANTONIO RODRIGUEZ,HUESCARRODRIGUEZ A,
HUGH ST VICTOR,HUGH OF ST VICTOR,
HUMAN ENCOUNTERS IN THE SOCIAL WORDL,GURWITSCH A,
HUMAN RIGHTS WATCH,NA,
HUMBOLDT W,VONHUMBOLDT W,
HUME,HUME D,
HUSEERL,HUSSERL E,
HUSERL E,HUSSERL E,
HUSERL EDMOND,HUSSERL E,
HUSERL EDMUND,HUSSERL E,
HUSSARL EDMUND,HUSSERL E,
HUSSEL E,HUSSERL E,
HUSSER E,HUSSERL E,
HUSSERI E,HUSSERL E,
HUSSERL,HUSSERL E,
HUSSERL B,HUSSERL E,
HUSSERL B EDMUND,HUSSERL E,
HUSSERL BE,HUSSERL E,
HUSSERL CF E,HUSSERL E,
HUSSERL CF EDMUND,HUSSERL E,
HUSSERL DELEUZE,NA,
HUSSERL E  HUA DOK IIIIX,HUSSERL E,
HUSSERL E  HUA DOK IIIVIII,HUSSERL E,
HUSSERL EDMUND HUSSERLIANA,HUSSERL E,
HUSSERL ERSTE PHILOSOPHIE,HUSSERL E,
HUSSERL F,HUSSERL E,
HUSSERL H,HUSSERL E,
HUSSERL I,HUSSERL E,
HUSSERL K,HUSSERL E,
HUSSERL M,HUSSERL E,
HUSSERL N,HUSSERL E,
HUSSERL PN,HUSSERL E,
HUSSERL SELON,HUSSERL E,
HUSSERL VE,HUSSERL E,
HUSSERL XXV E HUA,HUSSERL E,
HUSSERL-ARCHIV LIN,HUSSERL E,
HUSSERLE E,HUSSERL E,
HUSSERLIANA,HUSSERL E,
HUSSERLIANA I,HUSSERL E,
HUSSERLIANA II,HUSSERL E,
HUSSERLIANA III,HUSSERL E,
HUSSERLIANA IV,HUSSERL E,
HUSSERLIANA IX,HUSSERL E,
HUSSERLIANA V,HUSSERL E,
HUSSERLIANA X,HUSSERL E,
HUSSERLIANA XI,HUSSERL E,
HUSSERLIANA XIII,HUSSERL E,
HUSSERLIANA XIV,HUSSERL E,
HUSSERLIANA XV,HUSSERL E,
HUSSERLIANA XVI,HUSSERL E,
HUSSERLIANA XXVII,HUSSERL E,
HUSSERLIANA XXVIII,HUSSERL E,
HUSSERLIS E,HUSSERL E,
HUSSERLM E,HUSSERL E,
HUSSERLOVE O,HUSSERL E,
HUSSERLS,HUSSERL E,
HUSSERLS E,HUSSERL E,
HUSSERLS E FINKS,HUSSERL E,
HUSSERLS EDMUND,HUSSERL E,
HUSSFRI E,HUSSERL E,
HUSSNIN EDMUND,HUSSERL E,
HUSSSERL EDMUND,HUSSERL E,
HUSSURL E,HUSSERL E,
HUUSERL,HUSSERL E,
HYMNS HOMERIC,HOMER,
HYPPOLITE,HYPPOLITE J,
I THOU,BUBER M,
IAIN MORRISON,MORRISON I,
IASP,NA,
IBN ARABI,IBN ARABI,
IBN SINA,AVICENNA,
IBN TUFAYL MUHAMMAD IBNABD ALMALIK,IBN TUFAIL,
ICHSTORUNG SPITZER M,SPRITZER M,
ID,NA,
IDEAS I,HUSSERL E,
IDEEN,HUSSERL E,
IDEEN I,HUSSERL E,
IDEEN II,HUSSERL E,
IDEEN III,HUSSERL E,
IDEES DIRECTRICES PH,HUSSERL E,
IJSSELING VS,IJSSELING S,
ILEIDEGGER MARTIN,HEIDEGGER M,
ILLESCAS NAJERA M,ILLESCASNAJERA M,
ILUNDAIN-AGURRUZA J,ILUNDAINAGURRUZA J,
IMBERTE CLAUDE,IMBERT C,
IMMANUEL KANT,KANT I,
INGARDEN,INGARDEN R,
INGARDEN BR,INGARDEN R,
INGARDENA R,INGARDEN R,
INTERDISZIPLINARE ARBEITSGEMEINSCHAFT TIERETHIK,NA,
INTERNATIONAL ASSOCIATION FOR THE PHILOSOPHY OF SPORT,NA,
INTERNATIONAL SOCIETY FOR PRESENCE RESEARCH ISPR,NA,
INTERNET MOVIE DATA,NA,
INTGARDEN R,INGARDEN R,
IPMUC,STRAWSON G,citation of a seminar by galen strawson
IRENAEUS OF LYON,IRENAEUS,
IRRATIONAL GAMES,NA,
IRRIGARAY L,IRIGARAY L,
ISAAC,ISAAC OF NINEVEH,
ISAACS,ISAACS S,
ISTI,MARX K,Citing marx's writings in polish
JAAKKO,HINTIKKA,
JAANUS JAPANESE ARCHITECTURE AND ART NET USERS SYSTEM,NA,online dictionary
JACOBS,NA,
JACQUES D,DERRIDA J,
JACQUES DERRIDA,DERRIDA J,
JACQUES LACAN,LACAN J,
JACQUES T,TAMINIAUX J,
JACQUES TAMINIAUX,TAMINIAUX J,
JACQUETE D,JACQUETTE D,
JAEGER H,DEJAEGER H,
JAESCHKE,JAESCHKE W,
JAGENTOWICZ MILLS PATRICIA,JAGENTOWICZMILLS P,
JAHRBUCH HEIDEGGER,HEIDEGGER M,
JAIGERSCHMIDT ADELGUNDIS,JAGERSCHMIDT A,
JAKENDORFF R,JACKENDOFF R,
JAKOBSON,JAKOBSON R,
JAKOWENKO B,JAKOVENKO B,
JAKOWENKO BORIS,JAKOVENKO B,
JAME W,JAMES W,
JAMES,JAMES W,
JAN ASSMANN,ASSMAN J,
JAN PATOCKA,PATOCKA J,
JAN SLABY,SLABY J,
JANIQUAUD DOMINIQUE,JANICAUD D,
JANNICAUD DOMINIQUE,JANICAUD D,
JANOUGEK H,JANOUSEK H,
JANPATOCKA,PATOCKA J,
JAQUES DERRIDA,DERRIDA J,
JARCYZK G,JARCZYK G,
JARCZYC G,JARCZYK G,
JARCZYK,JARCZYC G,
JARCZYK D,JARCZYC G,
JASPER,JASPERS K,
JASPERS,JASPERS K,
JAY,JAY M,
JEAN BADIOU A,BADIOU A,
JEAN FIESCHI,FIESCHI J,
JEAN FRANCOIS COURTINE,COURTINE J,
JEAN LUC MARION,MARION J,
JEANJACQUES ROUSSEAU,ROUSSEAU J,
JEANLUC M,MARION J,
JEANLUC MARION,MARION J,
JEANPAUL SARTRE,SARTRE J,
JEANROND,JEANROND W,
JEFFREY FROMAN WAYNE,FROMAN J,
JENEFER ROBINSON EMOTION,ROBINSON J,
JIMENEZ MORENO LUIS,JIMENEZMORENO L,
JOHANSSOG,JOHANSSON G,Checked paper
JOHN DAMASCUS,JOHN OF DAMASCUS,
JOHN GRAY,GRAY J,
JOHN KEATS,KEATS J,
JOHN OF THE CROSS,JOHN OF THE CROSS,
JOHN PAUL II,JOHN PAUL II,
JOHN R SEARLE,SEARLE J,
JOHN STTHOMAS,JOHN OF ST THOMAS,
JOHNSONS GALEN,JOHNSON G,
JOHNSSON I,JOHANSSON I,checked paper
JONAS,JONAS H,
JONAS PHILOSOPHTE,JONAS H,
JONASOVE H,JONAS H,Russian declension
JONES,JONES A,"There's also a reference to a dictionary in this ""Jones""."
JOSE GAOS D,GAOS J,
JOSE ORTEGA Y GASSET,ORTEGAYGASSET J,
JOUMIER PAR LAURENT,JOUMIER L,
JR HILL THOMAS E,HILL T,
JUDITH BUTLER,"BUTLER, J",
JULIA,JULIA V,
JULIA IRIBARNE,IRIBARNE J,
JUNG,JUNG C,
JUNICHIRO TANIZAKI,TANIZAKI J,
KACHERAUSKAS T,KACERAUSKAS T,
KAFKA,DELEUZE G,
KALARIPARAMBAL T,KALARIPARAMBIL T,
KANDELSCHWARZJESSELL,KANDEL E,"First author of a book by Kandel, Schwarz and Jesell"
KANT,KANT I,
KANT E,KANT I,
KANT EMMANUEL,KANT I,
KANT KANTAS I,KANT I,
KANT MANUEL,KANT I,
KANT PROBLEM METAPHY,KANT I,
KANT V IMMANUEL,KANT I,
KANTGESELLSCHAFT,NA,
KANTIAN HEIDEGGERS,NA,
KANTS,KANT I,
KANTT,KANT I,
KARIEL,KARIEL H,
KARL M,MARX K,
KARNAP R,CARNAP R,
KASHER,KASHER H,
KASIRER ERNST,CASSIRER E,
KASSIRER E,CASSIRER E,
KATHA UPANISAD,NA,Upanisad text
KAUFMANN,KAUFMANN FE,
KAUFMANN FELIX,KAUFMANN FE,
KAUFMANN FRITZ,KAUFMANN FR,
KEBER E QUINONES,QUINONESKEBER E,
KEGAN PAUL E R HUGHES PARA,PAUL K,
KELLNER,KELLNER M,
KENNT OTIS T,OTIS K,
KENNY,KENNY C,Courtney
KERCKHOVEN G VAN,VANKERCKHOVEN G,
KERR,KERR F,
KETTNER,KETTNER M,
KHABERMAS Y,HABERMAS J,
KHAIDEGER M,HEIDEGGER M,
KHAIDEGGER M,HEIDEGGER M,
KHAYDEGGER M,HEIDEGGER M,
KHAYDEGGGER M,HEIDEGGER M,
KHERRMANN F V,VONHERRMANN F,
KHUSERL E,HUSSERL,
KHUSSERL E,HUSSERL E,
KIERKEGAARD,KIERKEGAARD S,
KIERKEGAARD BS,KIERKEGAARD S,
KIERKEGAARDIAN A,KIERKEGAARD S,
KIERKEGAARDS,KIERKEGAARD S,
KIESEL THEODORE,KISIEL T,
KIESIEL TH,KISIEL T,
KIMMERLE,KIMMERLE H,
KINKAID J,KINCAID J,
KIRK,KIRK G,
KIRKEGAARD S,KIERKEGAARD S,
KIRSCH D,KIRSH D,
KIRSCHNER,KIRSCHNER S,
KISIELS T,KISIEL T,
KITARB NISHIDA,NISHIDA K,
KITAREI NISHIDA,NISHIDA K,
KITARO N,NISHIDA K,
KITARO NISHIDA,NISHIDA K,
KLE PAUL,KLEE P,
KLEIN,KLEIN K,
KLEINTE,KLEIN T,
KNABENSCHUH DE PORTA SABINE,KNABENSCHUH S,
KNOX,KNOX T,
KOCH KRISTOF,KOCH C,
KOCHPIETTRE VOIR RENEE,KOCHPIETTRE R,
KOEHLER W,KOHLER W,
KOFKA K,KOFFKA K,
KOLHER W,KOHLER W,
KOLMOGOROFF A,KOLMOGOROV A,
KOLNAIS,KOLNAIS,Not on references
KON SPRUL BLO GROS MTHA YAS,KONGTRUL J,
KOSKEY JEFFERY,KOSKY J,
KOSKY,KOSKY J,
KRAFT,KRAFT J,
KREIS,"KREIS, G",
KRELL DK,KRELL DK,
KREMER MARIETTI A,KREMERMARIETTI A,
KRESS,KRESS P,
KRIEGEL,KRIEGEL U,
KRIJNEN ,KRIJNEN C,
KRIKPE S,KRIPKE S,
KRISIS,HUSSERL E,
KRISIS EUROPAISCHEN,HUSSERL E,
KRONER,KRONER R,
KRUGLANSAW,KRUGLANSKI A,
KUJAWSKI,KUJAWSKI G,
LA BARRE W,LABARRE W,
LA BERGE S,LABERGE S,
LA BRUYERE JEAN DE,LABRUYERE J,
LA CAPRA D,LACAPRA D,
LA CAZE M,LACAZE M,
LA CAZE MARGUERITE,LACAZE M,
LA CONDAMINE DE CHM,LACONDAMINE D,
LA CONDAMPNE DE CH M,LACONDAMINE D,
LA FORGIA M,LAFORGIA M,
LA GUARDIA F,LAGUARDIA F,
LA MAISON DE METALLOS,NA,building
LA METTRIE J O,LAMETTRIE J,
LA ROCCA C,LAROCCA C,
LA ROCCA CLAUDIO,LAROCCA C,
LA ROCHEFOUCAULD F,LAROCHEFOUCAULD F,
LA TORRE M,LATORRE M,
LA VALLEE POUSSIN LOUIS DE,LAVALLEPOUSSIN L,
LABARRIER PJ,LABARRIERE P,
LABARRIERE DJ,LABARRIERE P,
LABARRIERE JP,LABARRIERE P,
LABARRIERRE PJ,LABARRIERE P,
LABRRIERE PJ,LABARRIERE P,
LACAN,LACAN J,
LACHANCE ADAMS SARAH,LACHANCEADAMS S,
LACOSTE,LACOSTE J,
LACOUE LABARTHE PHILIPPE,LACOUELABARTHE P,
LACOUELABARTHA P,LACOUELABARTHE P,
LACOUELARBARTHE P,LACOUELABARTHE P,
LAERTIOS DIOGENES,DIOGENES LAERTIUS,
LAERTIUS D,DIOGENES LAERTIUS,
LAERTIUS DIOGENES,DIOGENES LAERTIUS,
LAERTOS DIOGENES,DIOGENES LAERTIUS,
LAFONT,LAFONT C,
LAFUENTE FERRARI ENRIQUE,LAFUENTEFERRARI E,
LAGA,LAGA C,
LAIN ENTRALGO PEDRO,LAINENTRALGO P,
LAKO FF G,LAKOFF G,
LAKOFF J,LAKOFF G,
LAMA DALAI,DALAI LAMA,
LAMBERT,LAMBERT J,
LANCIANI,LANCIANI A,
LAND,LAND N,
LANDGRABE L,LANDGREBE L,
LANDGREBE,LANDGREBE L,
LANDGREBE SL,LANDGREBE L,
LANDGREBL,LANDGREBE L,
LANDGREDE L,LANDGREBE L,
LANDSHUT,LANDSHUT S,
LANGLE DE PAZ T,LANGLEDEPAZ T,
LANGLE DE PAZ TERESA,LANGLEDEPAZ T,
LAPLANCHE,LAPLANCHE J,
LAPSHIN,LAPSHIN I,
LARA J E GARCIA,GARCIALARA J,
LAUER,LAUER G,
LAZARUS,NA,
LE BIANIC THOMAS,LEBIANIC T,
LE BIHAN SOAZIG,LEBIHAN S,
LE BLANC G,LEBLANC G,
LE BLANC GUILLAUME,LEBLANC G,
LE BON G,LEBON G,
LE BON GUSTAVE,LEBON G,
LE BOT MARC,LEBOT M,
LE BOULLUEC A,LEBOULLUEC A,
LE BOULLUEC ALAIN,LEBOULLUEC A,
LE BRETON D,LEBRETON D,
LE BRETON DAVID,LEBRETON D,
LE CORBUSIER,LE CORBUSIER,
LE CORRE M,LECORRE M,
LE DOEUF MICHELE,LEDOEUFF M,
LE DOEUFF M,LEDOEUFF M,
LE DOEUFF MICHE,LEDOEUFF M,
LE DOEUFF MICHELE,LEDOEUFF M,
LE DOUX J,LEDOUX J,
LE GOFF JACQUES,LEGOFF J,
LE GOFF JAQUES,LEGOFF J,
LE GUERN M,LEGUERN M,
LE MAGNEN J,LEMAGNEN J,
LE MAISTRE C,LEMAISTRE C,
LE MOIGNE J,LEMOIGNE J,
LE MOIGNE J L,LEMOIGNE J,
LE MOIGNE JL,LEMOIGNE J,
LE MOLI A,LEMOLI A,
LE POIDEVIN R,LEPOIDEVIN R,
LE POIDEVIN RD,LEPOIDEVIN R,
LE POIDEVIN ROBERT,LEPOIDEVIN R,
LE POIDEVIN ROBIN,LEPOIDEVIN R,
LE PSEUDOAREOPAGITE DENYS,LEPSEUDOAREOPAGITE D,
LE QUITTE SAMUEL,LEQUITTE S,
LE RIDER J,LERIDER J,
LE ROY EDOUARD,LEROY E,
LE VAN QUYEN M,LEVANQUYEN M,
LE VAN QUYEN MICHEL,LEVANQUYEN M,
LE VAOU PASCAL,LEVAOU P,
LEAR COMPARE JONATHAN,LEAR J,
LEIBNEZ G W,LEIBNIZ G,
LEIBNITS GV,LEIBNIZ G,
LEIBNIZ,LEIBNIZ G,
LEIBNIZ F W,LEIBNIZ G,
LENGER HJ EMMANUEL LEVINAS,LEVINAS E,
LENIN WI,LENIN V,
LENINE VLADIMIR ILITCH,LENIN V,
LENINS,LENIN V,
LEONTEV AN,LEONTIEV A,
LEUVEN HUSSERLARCHIV,NA,
LEUVEN M,NA,
LEVI STRAUSS CLAUDE,LEVISTRAUSS C,
LEVI STROS KLOD,LEVISTRAUSS C,
LEVINA,LEVINAS E,
LEVINA E,LEVINAS E,
LEVINAS,LEVINAS E,
LEVINAS H,LEVINAS E,
LEVINAS I,LEVINAS E,
LEVINAS L,LEVINAS E,
LEVINAS V,LEVINAS E,
LEVINASS,LEVINAS E,
LEVINTAS EMMANUEL,LEVINAS E,
LEVISRAUSS,LEVISTRAUSS C,
LEVISTRAUSS,LEVISTRAUSS C,
LEVISTRAUSS C,LEVISTRAUSS C,
LEVISTRAUSS CLAUDE,LEVISTRAUSS C,
LEVISTROS K,LEVISTRAUSS C,
LEVISTROS KLOD,LEVISTRAUSS C,
LEVJNAS E,LEVINAS E,
LEVY BRUHL L,LEVYBRUHL L,
LEWIS,LEWIS C,
LIBRARY TECHNOLOGY REPORTS,NA,Publication
LIMIDO HEULOT P,LIMIDOHEULET P,
LIMIDO-HEULOT P,LIMIDOHEULET P,
LINCOLN PRESIDENT ABRAHAM,LINCOLN A,
LINGIS,LINGIS A,
LITERATUR FRITSCHE J,FRITSCHE J,
LITURGY AGAMBENS,AGAMBEN G,
LIVED BODY VS GENDER,NA,
LIVINAS,LEVINAS E,
LOGIQUES MONDES,BADIOU A,
LOGISCHE UNTERSUCHUN,HUSSERL E,
LOHMANN,LOHMANN H,
LOHMAR,LOHMAR D,
LOHMAR BRUCE DIETER,LOHMAR D,
LOHMAR H D,LOHMAR D,
LOMAR D,LOHMAR D,
LONERGAN,LONERGAN B,
LONERGANS BERNARD J F,LONERGAN B,
LONGEAUX JM,LONGNEAUX J,
LOPEZ QUINTAS ALFONSO,LOPEZQUINTAS A,
LOPEZ SAENZ C,LOPEZSAENZ M,
LOPEZ SAENZ M C,LOPEZSAENZ M,
LOPEZ SAENZ MA CARMEN,LOPEZSAENZ M,
LOPEZ SAENZ MARIA CARMEN,LOPEZSAENZ M,
LOPEZ SAENZ MARIA DEL CARMEN,LOPEZSAENZ M,
LOPEZ SAENZ MC,LOPEZSAENZ M,
LOPEZ SANEZ M C,LOPEZSAENZ M,
LOPEZ SMC,LOPEZSAENZ M,
LORCA TRADUCCION DE OSCAR,HEIDEGGER M,
LOSEV,LOSEV A,
LOSSKII N,LOSSKY N,
LOSSKIJ N,LOSSKY N,
LOSSKIJ NO,LOSSKY N,
LOSSKY,LOSSKY N,
LOTZE,LOTZE H,
LOUVERTURE TOUSSAINT,TOUSSANT LOUVERTURE,
LPEZ SENZ M CARMEN,LOPEZSAENZ M,
LUCAN,NA,
LUDWIG LANDGREBE,LANDGREBE L,
LUDWIG WD,WITTGENSTEIN L,
LUDWIG WITTGENSTEIN,WITTGENSTEIN L,
LUFTS,LUFT S,
LUKACS,LUKACS G,
LUKASIEWICZ,LUKASIEWICZ J,
LUKICS G,LUKACS G,
LUKRECIJUS,LUCRETIUS,
LUNDGREN GOTHLIN EVA,LUNDGRENGOTHLIN E,
LUTHER,LUTHER M,
LVISTRAUSS CLAUDE,LEVISTRAUS C,
LYOTARD,LYOTARD J,
LYSSENKO VG,LYSENKO V,
LZQUIERDO EJ,IZQUIERDO E,
M C,NA,
MAC CUMHAILL C,MACCUMHAILL C,
MAC DOWELL J A,MCDOWELL J,
MAC DOWELL JA,MCDOWELL J,
MAC DOWELL JOAO,MCDOWELL J,
MAC LANE S,MACLANE S,
MACCOBY,MACCOBY E,
MACDOWELL J,MCDOWELL J,
MACHIAVEL,MACHIAVELLI N,
MACKAY,MACKAY D,
MAGEE,MAGEE G,
MAKKREEL,MAKKREEL R,
MALDINEY,MALDINEY H,
MAMARDASHVILI,MAMARDASHVILI M,
MAMARDASVILI M,MAMARDASHVILI M,
MANDUKYA UPANISAD,NA,
MANFRED FRINGS WW I,FRINGS M,
MANGANS B,MANGAN B,
MARANDOLA JR EDUARDO,MARANDOLA E,
MARC JEANNEROD,JEANNEROD M,
MARC RICHIR,"RICHIR, M",
MARCEL,NA,
MARCEL PROUST,PROUST M,
MARIA CALCATERRA ROSA,CALCATERRA M,
MARIN AVILA E,MARINAVILA E,
MARIN AVILA ESTEBAN,MARINAVILA E,
MARION,MARION J,
MARITAIN,MARITAIN J,
MARLEAUPONTY M,MERLEAUPONTY M,
MARTIN HEIDEGGER,HEIDEGGER M,
MARTIN HEIDEGGER ZR,HEIDEGGER M,
MARTIN LUTHER,LUTHER M,
MARTINEZ GUZMAN V,MARTINEZGUZMAN V,
MARTINEZ GUZMAN VICENT,MARTINEZGUZMAN V,
MARX,MARX K,
MARX CARL,MARX K,
MARX P,MARX K,
MASPERO,MASPERO H,
MASTER ECKHART,ECKHART M,
MAT HUA,HUSSERL E,
MAT III HUA,HUSSERL E,
MATERIALIEN HUSSERL E,HUSSERL E,
MATTE BLANCO I,MATTEBLANCO I,
MATURANAH,MATURANA H,
MAUPASSANT,DEMAUPASSANT G,
MAURICE,MERLEAUPONTY M,
MAURICE DE GANDILLAC IN THE ANNUAIRE DE LASSOCIATION DES ANCIENS ELEVES DE LECOLE NORMALE SUPERIEURE,DEGANDILLAC M,
MAURICE MERLEAU PONTY,MERLEAUPONTY M,
MAURICE MERLEAUPONTY,MERLEAUPONTY M,
MAURICE MP,MERLEAUPONTY M,
MAURICE OC WALSHE,OCONNELLWALSHE M,
MAX LOREAU PARUS,LOREAU M,
MAX SCHELER,SCHELER M,
MAXIMUS THE CONFESSOR,MAXIMUS THE CONFESSOR ,
MCDOWELL,MCDOWELL J,
MCKEON WAS A PROFESSOR AT THE UNIVERSITY OF CHICAGO BUT HAD ALSO ADVISED UNESCO DURING THE YEARS,NA,
MCLELLAN D,MARX K,
MCLNROY M,MCINROY M,
MCLNTYRE R,MCINTYRE R,
MEAD H G,MEAD G,
MEADS GH,MEAD G,
MEDITATIONS CARTESIE,HUSSERL E,
MEIERKHOLD,MEIERKHOLD V,
MEILLASSOUX,MEILLASSOUX Q,
MEINONG,MEINONG A,
MELEAUPONTY M,MERLEAUPONTY M,
MELERO DE LA TORRE MC,MELERODELATORRE M,
MELO NETO JOAO CABRAL DE,MELONETO J,
MENCIUS BOOK,MENCIUS ,
MENDOZA-CANALES R,MENDOZACANALES R,
MENENDEZ OBARRI ROBERTO,MENENDEZOBARRI R,
MENKE,MENKE C,
MEREAUPONTY M,MERLEAUPONTY M,
MERELAUPONTY M,MERLEAUPONTY M,
MERKLINGER,MERKLINGER P,
MERLAUPONTY M,MERLEAUPONTY M,
MERLAUPONTY MAURICE,MERLEAUPONTY M,
MERLCAUPONTY MAURICE,MERLEAUPONTY M,
MERLEAPONTY M,MERLEAUPONTY M,
MERLEAU M,MERLEAUPONTY M,
MERLEAU MAURICE,MERLEAUPONTY M,
MERLEAU PONTY,MERLEAUPONTY M,
MERLEAU PONTY M,MERLEAUPONTY M,
MERLEAU PONTY MAURICE,MERLEAUPONTY M,
MERLEAU-PONTY M,MERLEAUPONTY M,
MERLEAUPOLITY M,MERLEAUPONTY M,
MERLEAUPONLY M,MERLEAUPONTY M,
MERLEAUPONRY M,MERLEAUPONTY M,
MERLEAUPONT IN PRESS,MERLEAUPONTY M,
MERLEAUPONT M,MERLEAUPONTY M,
MERLEAUPONTV,MERLEAUPONTY M,
MERLEAUPONTY,MERLEAUPONTY M,
MERLEAUPONTY CF,MERLEAUPONTY M,
MERLEAUPONTY CF M,MERLEAUPONTY M,
MERLEAUPONTY M,MERLEAUPONTY M,
MERLEAUPONTY MARCEL,MERLEAUPONTY M,
MERLEAUPONTY MAURICE,MERLEAUPONTY M,
MERLEAUPONTY MJ,MERLEAUPONTY M,
MERLEAUPONTY MORICE,MERLEAUPONTY M,
MERLEAUPONTY MV,MERLEAUPONTY M,
MERLEAUPONTY SIEHE,MERLEAUPONTY M,
MERLEAUPONTY SORBONN,MERLEAUPONTY M,
MERLEAUPONTY ZM,MERLEAUPONTY M,
MERLEAUPONTY ZR MAURICE,MERLEAUPONTY M,
MERLEAUPONTYHO,MERLEAUPONTY M,
MERLEAUPONTYM,MERLEAUPONTY M,
MERLEAUPONTYS,MERLEAUPONTY M,
MERLEAUPONTYY M,MERLEAUPONTY M,
MERLEAUPORITY MAURICE,MERLEAUPONTY M,
MERLETUPONTY,MERLEAUPONTY M,
MERLEUAPONTY M,MERLEAUPONTY M,
MERLEUPONTY M,MERLEAUPONTY M,
MERLO PONTI MORIS,MERLEAUPONTY M,
MERLOPONTI,MERLEAUPONTY M,
MERLOPONTI M,MERLEAUPONTY M,
MERLOPONTI MORIS,MERLEUAPONTY M,
MERLOPONTY M,MERLEAUPONTY M,
METAPHYSICS ARISTOTLES,ARISTOTLE,
METAXU,NA,publication i think
METROPOLITAN NAHUM OF STRUMICA,NA,
MICHAEL AYERS,AYERS M,
MICHAEL HAYS K,HAYS M,
MICHAEL INWOOD,INWOOD M,
MICHAEL QUANTE,QUANTE M,
MICHAEL TYE,TYE M,
MICHAEL WALZER,WALZER M,
MICHEL DALISSIER,DALISSIER M,
MICHEL DE CERTEAU,DECERTEAU M,
MICHEL DE CERTEAUS STUDY,DECERTEAU M,
MICHEL FOUCAULT,FOUCAULT M,
MICHEL HENRY,HENRY M,
MICHEL LEFEUVRE,LEFEUVRE M,
MICHOTTE VAN DEN BERCK ALBERT,MICHOTTE A,
MICHOTTE VAN DEN BERK A,MICHOTTE A,
MILBANK,MILBANK J,
MILL DS,MILL J,
MILLAN PA,MILLANPUELLES A,
MILLER,MILLER A,
MINGO RODRIGUEZ A M DE,DEMINGORODRIGUEZ A,
MIRO QUESADA F,MIROQUESADA F,
MISCHEL,MISCHEL T,
MISHIMA,MISHIMA Y,
MITCHELL,MITCHELL S,
MKHELMAN,MICHELMAN F,
MOFFIT,MOFFIT T,
MOLDENAUER EVA,MOLDENHAUER E,
MOLIERE,MOLIERE J,
MONTAIGNE,MONTAIGNE M,
MONTERO MOLINER FERNANDO,MONTEROMOLINER F,
MORA FERRATER,FERRATERMORA J,
MORAN,MORAN D,
MOREAU DE TOURS J J,MOREAUDETOURS J,
MORENO MARQUEZ CESAR,MORENOMARQUEZ C,
MORENO MRQUEZ CSAR,MORENOMARQUEZ C,
MORENO PESTANA JOSE LUIS,MORENOPESTANA J,
MORENO SANZ J,MORENOSANZ J,
MORENO-MARQUEZ C,MORENOMARQUEZ C,
MORILLAS ALEJANDRO RUIZ,RUIZMORILLAS A,
MORON ARROYO CIRIACO,MORON C,
MOTROSCHILOVA NV,MOTROSHILOVA N,
MOTROSILOVA NV,MOTROSHILOVA N,
MOTROSILOVA VN,MOTROSHILOVA N,
MOUILLE JEANMARC,MOUILLIE J,
MUBI BRIGHENTI A,MUBIBRIGHENTI A,
MUOZ TERRON JOSE MARIA,MUNOZTERRON J,
MURPHY,MURPHY M,
MUSABEGOVICA SADUDINA,MUSABEGOVIC S,
MYTHOLOGY WHITE,DERRIDA J,
NAGEL,NAGEL T,
NATASON M,NATANSON M,
NATIONAL CENTER FOR HEALTH STATISTICS,NA,
NATIONAL COLLABORATING CENTRE FOR MENTAL HEALTH UK,NA,
NATIONAL INSTITUTE FOR MENTAL HEALTH IN ENGLAND,NA,
NATIONAL INSTITUTE OF MENTAL HEALTH NIMH,NA,
NATIONAL INSTITUTE OF STANDARDS AND TECHNOLOGY IN U S DEPARTMENT OF COMMERCE,NA,
NATORP,NATORP P,
NATORP B,NATORP P,
NATORP HP,NATORP P,
NENNON TH,NENON TH,
NENON,NENON TH,
NIETZSCHE,NIETZSCHE F,
NIETZSCHE E,NIETZSCHE F,
NIETZSCHE ET AL FRIEDRICH,NIETZSCHE F,
NIH,NA,
NIVISON,NIVISON D,
NO TITLE CAPTURED,NA,
NOE RA,NOE A,
NORDRHEINWESTFALISCHEN AKADEMIE DER WISSENSCHAFTEN,NA,
NOVALIS,NOVALIS,
NOVALIS FRIEDRICH,NOVALIS,
NOVALIS FRIEDRICH VON HARDENBERG,NOVALIS,
NUSSBAUM C MARTHA,NUSSBAUM M,
O MURCHADHA FELIX,OMURCHADHA F,
O'CONNOR P,OCONNOR P,
OBRAS DE MARTIN HEIDEGGER EN ALEMAN,HEIDEGGER M,
OF DAMASCUS JOHN,JOHN OF DAMASCUS,
OLD NAME,"NEW NAME (""NA"" to Delete)",COMMENT
OLLMAN,OLLMAN B,
ORIGENE,ORIGEN,
ORIGENE VOIR,ORIGEN,
ORTEGA,ORTEGAYGASSET J,
ORTEGA J,ORTEGAYGASSET J,
ORTEGA JOSE,ORTEGAYGASSET J,
ORTEGA V GASSET JOSE,ORTEGAYGASSET J,
ORTEGA Y GASSET J,ORTEGAYGASSET J,
ORTEGA Y GASSET JOSE,ORTEGAYGASSET J,
ORTIZ HILL C,ORTIZHILL C,
OXF ENG DICT,NA,
PACI,PACI E,
PALOCKA J,PATOCKA J,
PALOMAR TORRALBO A,PALOMARTORRALBO A,
PAREDES-MARTIN MD,PAREDESMARTIN M,
PASCAL,PASCAL B,
PASCAL BOYER,PASCAL BOYER,
PATOCKE J,PATOCKA J,
PATOCKOU J,PATOCKA J,
PATOCKY J,PATOCKA J,
PATOEKA J,PATOCKA J,
PATOKA J,PATOCKA J,
PATOKA JAN,PATOCKA J,
PAUL II JOHN,JOHN PAUL II,
PAUL RICCEUR,RICOEUR P,
PAUL RICOEAUR,RICOEUR P,
PAUL RICOEUR,RICOEUR P,
PAUL RICOEUR P,RICOEUR P,
PAULSON,PAULSON S,
PAULUS,PAULUS H,
PEACOCKE,PEACOCKE C,
PEIRCE,PEIRCE C,
PEIRCE EDITION PROJECT,PEIRCE C,
PEREZ TAPIAS J A,PEREZTAPIAS J,
PERLEAUPONTY M,MERLEAUPONTY M,
PETITMENGINPEUGC,PETITMENGIN C,
PETITO J,PETITOT J,
PFANDER,PFANDER A,
PHANTASIE,HUSSERL E,
PHENOMENOLOGICAL MOV,NA,
PHENOMENOLOGIE FRANCAISEPHENOMENOLOGIE ALLEMANDE,NA,
PHENOMENOLOGY PERCEP,MERLEAUPONTY M,
PHILLIPSE H,PHILIPSE H,
PIAGET,PIAGET J,
PICKSTOCK,PICKSTOCK C,
PIERCE CHARLES S,PEIRCE C,
PIERCE CS,PEIRCE C,
PINKARD,PINKARD T,
PINKART T,PINKARD T,
PIVECIC E,PIVCEVIC E,
PIVEVIC E,PIVCEVIC E,
PLANTINGA ,PLANTINGA A,
PLATO SOPHIST,PLATO,
PLATON,PLATO,
PLATONE,PLATO,
POL RIKER V MOSKVE F,RICOEUR P,
POLT ,POLT R,
PONTY M,MERLEAUPONTY M,
PONTY MAURICE MERLEAU,MERLEAUPONTY M,
PONTY MERLEAU,MERLEAUPONTY M,
PONTY MM,MERLEAUPONTY M,
PONTYMAERLEAU MAURICE,MERLEAUPONTY M,
POPPER R R,POPPER K,
POSADA P,VARELAPOSADA P,
POSADA PABLO,VARELAPOSADA P,
POSADA VARELA PABLO,VARELAPOSADA P,
POZRI DASTUR F,DASTUR F,
PPC,NA,
PYLUSHYN ZW,PYLYSHYN Z,
QUIJANO,QUIJANO A,
QUINE R,QUINE W,
QUINE V,QUINE W,
QUINE V O,QUINE W,
QUINE VW,QUINE W,
RADL,RADL E,
RAHNER,RAHNER K,
RANG,RANG B,
RECANTI FRANCOIS,RECANATI F,
RECHERCHE SUR LURGENCE EN DROIT ADMINISTRATIF FRANCAIS,NA,
REINACH,REINACH A,
REINHOLD CL,REINHOLD K,
RESCHER,RESCHER N,
RIC<DIPTHONG OE>UR PAUL,NA,
RICCEUR,RICOEUR P,
RICCEUR P,RICOEUR P,
RICCEUR PAR PAUL,RICOEUR P,
RICCEUR PAUL,RICOEUR P,
RICCIARDM,RICCIARD M,
RICDIPTHONG OEUR P,RICOEUR P,
RICDIPTHONG OEUR PAUL,RICOEUR P,
RICEEUR PAUL,RICOEUR P,
RICEUR P,RICOEUR P,
RICHIR MERLEAUPONTY,MERLEAUPONTY M,
RICIUR P,RICOEUR P,
RICKERT,RICKERT H,
RICKERTS H,RICKERT H,
RICOEEUR PAUL,RICOEUR P,
RICOEUR,RICOEUR P,
RICOEUR DE P,RICOEUR P,
RICOEUR VOIR PAUL,RICOEUR P,
RICOMR P,RICOEUR P,
RICOUER PAUL,RICOEUR P,
RICUR P,RICOEUR P,
RIKER P,RICOEUR P,
RIKER POL,RICOEUR P,
RIKKERT H,RICKERT H,
RILKE,RILKE R ,
ROCHA DE LA TORRE A,ROCHADELATORRE A,
RODRIGUEZ HUESCAR A,RODRIGUEZHUESCAR A,
RODRIGUEZ HUESCAR ANTONIO,RODRIGUEZHUESCAR A,
RODRIGUEZ SUAREZ L P,RODRIGUEZSUAREZ L,
ROJCEWICZ S,ROJCEWICZ R,
ROLAND BARTHES,BARTHES R,
ROMAN JAKOBSON,JAKOBSON R,
ROMANO,ROMANO C,
ROMBACH,ROMBACH H,
ROMDENHROMLUC,ROMDENHROMLUC K,
RORTY,RORTY R,
ROSADO HADDOCK GUILLERMO E,ROSADOHADDOCK G,
ROSADOHADDOCK E G,ROSADOHADDOCK G,
ROSADOHADDOCK G,ROSADOHADDOCK G,
ROSENTAL,ROSENTAL S,
ROSENTHAL,ROSENTHAL S,
ROTY R,RORTY R,
ROUTLEDGE,NA,
ROWE,ARISTOTLE,A translation of Aristotle
RUDOLF BERNET,BERNET R,
RUDOLF CARNAP,CARNAP R,
RUSEELL BERTRAND,RUSSELL B,
RUSSON,RUSSON J,
RYLE,RYLE G,
SA CAVALCANTE SCHUBACK MARCIA,SCHUBACK M,
SAINT AUBERT E,DESAINTAUBERT E,
SAINTAUBERT DE EMMANUEL,DESAINTAUBERT E,
SAINTAUBERT E,DESAINTAUBERT E,
SANAGUSTIN,AUGUSTINE,
SANCHEZ ORTIZ DE URBINA R,DEURBINA R,
SANCHEZ-MIGALLON S,SANCHEZMIGALLON S,
SARA HEINAMAA,HEINAMAA S,
SARTR Z,SARTRE J,
SARTR ZH  P,SARTRE J,
SARTR ZHP,SARTRE J,
SARTR ZP,SARTRE J,
SARTRE,SARTRE J,
SARTRE MERLEAUPONTY VIVANT,SARTRE J,
SARTRE P,SARTRE J,
SARTRE STATES,SARTRE J,
SARTRE ZJP,SARTRE J,
SARTRF JP,SARTRE J,
SASTRE JEAN PAUL,SARTRE J,
SATRE JP,SARTRE J,
SAUSSURE F D,DESAUSSURE F,
SAUSSURE FD,DESAUSSURE F,
SCHELER,SCHELER M,
SCHELER VON MARIA,SCHELER M,
SCHELLER MAX,SCHELER M,
SCHELLER MF,SCHELER M,
SCHELLING K F A,SCHELLING F,
SCHIITZ ALFRED,SCHUTZ A,
SCHILLER F,SCHILLER J,
SCHILLER FRIEDRICH,SCHILLER J,
SCHLEGEL A,SCHLEGEL A,
SCHLEGEL AUGUST WILHELM,SCHLEGEL F,
SCHLEIERMCHER FRIEDRICH,SCHLEIERRMACHER F,
SCHLEIERRMACHER F,SCHLEIERMACHER F,
SCHMIDTBIGGEMANW,SCHMIDTBIGGEMAN W,
SCHOPENHANUER A,SCHOPENHAUER A,
SCHOPENHAUER,SCHOPENHAUER A,
SCHOPENHAUER SA,SCHOPENHAUER A,
SCHRAG,SCHRAG C,
SCHUETZ A,SCHUTZ A,
SCHUETZ ALFRED,SCHUTZ A,
SCHUHMAN K,SCHUHMANN K,
SCHUHMAN KARL,SCHUHMANN K,
SCHUHMANN R,SCHUHMANN K,
SCHUHMMAN KARL,SCHUHMANN K,
SCHUMANN K,SCHUHMANN K,
SCHUMANN KARL,SCHUHMANN K,
SCHUMMAN K,SCHUHMANN K,
SCHUTZ,SCHUTZ A,
SCHUTZ VOIR A,SCHUTZ A,
SEARLE,SEARLE J,
SEIGFRIED,SEIGFRIED C,
SEIGFRIED CHARLENE HADDOCK,SEIGFRIED C,
SEIGFRIED H,SEIGFRIED C,
SENECA YOUNGER,SENECA,
SERRANO DE HARO A,DEHARO A,
SERRANO DE HARO AGUSTIN,DEHARO A,
SEXTUS,SEXTUS E,
SEXTUS EMPIRICU,SEXTUS EMPIRICUS,
SHAKESPEARE,SHAKESPEARE W,
SHAUN G,GALLAGHER S,
SHAUN GALLAGHER,GALLAGHER S,
SHAWS SARAH,SHAW S,
SHEEHAM T,SHEEHAN T,
SHEEHANN T,SHEEHAN T,
SHEETJOHNSTONE M,SHEETSJOHNSTONE M,
SHEETS JOHNSTONE M,SHEETSJOHNSTONE M,
SHEETS-JOHNSTONE M,SHEETSJOHNSTONE M,
SHEETSJOHNSON MARLENE,SHEETSJOHNSTONE M,
SHEETSJOHNSTON M,SHEETSJOHNSTONE M,
SHEETSJOHNSTONE M,SHEETSJOHNSTONE M,
SHEETSJOHNSTONE MAXINE,SHEETSJOHNSTONE M,
SHEETSJOHSNTONE M,SHEETSJOHNSTONE M,
SHEETSJOHSTONE M,SHEETSJOHNSTONE M,
SHEETSJOHSTONE M S,SHEETSJOHNSTONE M,
SHELER M,SCHELER M,
SHELLING F V I,SCHELLING F,
SHELLING FVI,SCHELLING F,
SHIGERU TAGUCHI SHIGERU,TAGUCHI S,
SHKLOVSKII,SHKLOVSKII V,
SHOCKEY R MATTHEW,SHOCKEY M,
SHOCKEY RM,SHOCKEY M,
SHOEMAKER,SHOEMAKER S,
SHOPENGAUER A,SHOPENHAUER A,
SHPET,SHPET G,
SILES I BORRAS JOAQUM,SILESBORRAS J,
SIMMEL,SIMMEL G,
SIMONE DE BEAUVOIR,DEBEAUVOIR S,
SIMONE WEIL,WEIL S,
SINNOTT-ARMSTRONG W,SINNOTTARMSTRONG W,
SINNOTTARMSTRONW,SINNOTTARMSTRONG W,
SIRENELLI JEANFRANCOIS,SIRINELLI J,
SLTERDIJK P,SLOTERDIJK P,
SMITH D W,SMITH DW,
SMITH D WOODRUFF,SMITH DW,
SMITH DAVID W,SMITH DW,
SMITH DAVID WOODRUFF,SMITH DW,
SMITH DW,SMITH DW,
SOFOCLES,SOPHOCLES,
SOKOLOWSKI,SOKOLOWSKI R,
SOPENHAUER ARTUR,SCHOPENHAUER A,
SPEIGELBERG H,SPIEGELBERG H,
SPIEGELB.H,SPIEGELBERG H,
SPIEGELBERG,SPIEGELBERG H,
SPIEGELBH,SPIEGELBERG H,
SPIELBERG H,SPIEGELBERG H,
SPIELGELBERG H,SPIEGELBERG H,
SPINOSA BENEDICTUS,SPINOZA B,
SPINOZA,SPINOZA B,
SPRENGLER O,SPENGLER O,
ST ANSELM,ANSELM,
ST AUGUSTINE,AUGUSTINE,
ST PIERRE J,STPIERRE J,
STAUGUSTINE,AUGUSTINE,
STEINBOCK,STEINBOCK A,
STEINBOCK J,STEINBOCK A,
STEKELER-WEITHOFER P,STEKELERWEITHOFER P,
STRASSER HUA,HUSSERL,
STUMPF,STUMPF C,
STUMPFS C,STUMPF C,
TAINE,TAINE H,
TAKHO-GODI AA,TAKHOGODI A,
TAKHO-GODI EA,TAKHOGODI A,
TAKHOGODI EA,TAKHOGODI A,
TAKHOGODI MUMINAT A,TAKHOGODI A,
TAMINIAUX,TAMINIAUX J,
THE BOSTON CHANGE PROCESS STUDY GROUP,NA,
THE PEIRCE EDITION PROJECT,NA,
THE PHENOMENON OF LIFE,NA,
THOMAS-FOGIEL I,THOMASFOGIEL I,
THROOP C,THROOP J,
THROOP C JASON,THROOP J,
THROOP CJ,THROOP J,
TILIH PAUL,TILLICH P,
TODE S,TODES S,
TOLSTOI L,TOLSTOY L,
TOLSTOI LEON,TOLSTOY L,
TOMAS AQUINO SANTO,AQUINAS,
TOMAS DE AQUINO SANTO,AQUINAS,
TOQUEVILLE ALEXIS DE,DETOCQUEVILLE A,
TRUTH AND LOGIC,NA,
TRUTH AND RECONCILIATION COMMISSION OF CANADA,NA,
TUGENDHADT E,TUGENDHAT E,
TUGENDHAT,TUGENDHAT E,
TUGENDHAT V ERNST,TUGENDHAT E,
TWARDOWSKI,TWARDOWSKI K,
TYE,TYE M,
TYMENIECKA,TYMIENIECKA A,
TYMIENIECKA,TYMIENIECKA A,
UEXKULL,UEXKULL J,
UEXKULL VON JAKOB,UEXKULL J,
UNAMUNO M,DEUNAMUNO M,
UNICEF,NA,
UNITED STATES CATHOLIC CONFERENCE,NA,
UNIVERSITE DE GRENOBLE,NA,
US GLOBAL CHANGE RESEARCH PROGRAM CLIMATE CHANGE SCIENCE PROGRAM,NA,
V HERMANN FRIEDRICHWILHELM,VONHERMANN F,
V HILDEBRAND D,VONHILDEBRAND D,
VALENZUELA MOGUILLANSKY CAMILA,VALENZUELAMOGUILLANSKY C,
VALENZUELA-MOGUILLANSKY C,VALENZUELAMOGUILLANSKY C,
VALLEGA-NEU D,VALLEGANEU D,
VAN ATTEN M,VANATTEN M,
VAN ATTEN MARK,VANATTEN M,
VAN BAAREN R,VANBAAREN R,
VAN BAAREN RB,VANBAAREN R,
VAN BAVEL J J,VANBAVEL J,
VAN BEIJSTERVELDT CEM,VANBEIJSTERVELDT C,
VAN BENDEGEM JP,VANBENDEGEM J,
VAN BERKUM JJA,VANBERKUM J,
VAN BINSBERGEN W,VANBINSBERGEN W,
VAN BRAGT JAN,VANBRAGT J,
VAN BREDA H L,VANBREDA H,
VAN BREDA HERMAN L,VANBREDA H,
VAN BREDA HERMAN LEO,VANBREDA H,
VAN BREDA HL,VANBREDA H,
VAN BUREN B,VANBUREN B,
VAN BUREN J,VANBUREN J,
VAN BUREN JOHN,VANBUREN J,
VAN CLEVE J,VANCLEVE J,
VAN DALEN D,VANDALEN D,
VAN DALEN DIRK,VANDALEN D,
VAN DAM NT,VANDAM N,
VAN DE CRUYS S,VANDE C,
VAN DE GRIND W,VANDE G,
VAN DE VALL RENEE,VANDE V,
VAN DE WALLE GA,VANDE W,
VAN DEN BERG J H,VANDEN B,
VAN DEN BERG JH,VANDEN B,
VAN DEN BERG REGINA,VANDEN B,
VAN DEN BERG Y H,VANDEN B,
VAN DEN BERGH O,VANDEN B,
VAN DEN BOS E,VANDEN B,
VAN DEN BOS GR,VANDEN B,
VAN DEN BOSCH R J,VANDEN B,
VAN DEN BOSCH ROBERT J,VANDEN B,
VAN DEN BOSSCHE M,VANDEN B,
VAN DEN HOVEN J,VANDEN H,
VAN DER BURG E,VANDER B,
VAN DER DEIJL W,VANDER D,
VAN DER HEIDEN G J,VANDER H,
VAN DER HEIDEN GJ,VANDER H,
VAN DER HEIJDEN A,VANDER H,
VAN DER KAM EL,VANDER K,
VAN DER KOLK B,VANDER K,
VAN DER KOLK B A,VANDER K,
VAN DER KOLK BA,VANDER K,
VAN DER KOLK BESSEL,VANDER K,
VAN DER LEEUW G,VANDER L,
VAN DER LEEUW GERARD,VANDER L,
VAN DER LEEUW GERARDUS,VANDER L,
VAN DER LUFT E,VANDER L,
VAN DER MEER A L,VANDER M,
VAN DER SCHAAR M,VANDER S,
VAN DER SCHAAR MARIA,VANDER S,
VAN DER SCHYFF D,VANDER S,
VAN DER SCHYFF DB,VANDER S,
VAN DER TUURK E,VANDER T,
VAN DER VEER D,VANDER V,
VAN DER VEER R,VANDER V,
VAN DER VEER RENE,VANDER V,
VAN DER VELDE H,VANDER V,
VAN DER WAERDEN B L,VANDER W,
VAN DER WAL K,VANDER W,
VAN DER WALT J,VANDER W,
VAN DER WALT J C,VANDER W,
VAN DER WALT JOHAN,VANDER W,
VAN DER WEL RPRD,VANDER W,
VAN DEURZEN E,VANDEURZEN E,
VAN DIEEN JH,VANDIEEN J,
VAN DIJK L,VANDIJK L,
VAN DIJK MG,VANDIJK M,
VAN DIJK T,VANDIJK T,
VAN DONGEN W T A M,VANDONGEN W,
VAN DOORN A,VANDOORN A,
VAN DOORN G,VANDOORN G,
VAN DOREN CARL,VANDOREN C,
VAN DOVER L,VANDOVER L,
VAN DUIJN M,VANDUIJN M,
VAN DUPPEN Z,VANDUPPEN Z,
VAN EEDEN FREDERIK,VANEEDEN F,
VAN ELK M,VANELK M,
VAN ESTERIK PENNY,VANESTERIK P,
VAN EYNDE L,VANEYNDE L,
VAN FRAASEN B,VANFRAASEN B,
VAN FRAASEN BAS,VANFRAASEN B,
VAN FRAASSEN B,VANFRAASSEN B,
VAN FRAASSEN B C,VANFRAASSEN B,
VAN FRAASSEN BAS,VANFRAASSEN B,
VAN FRAASSEN BC,VANFRAASSEN B,
VAN FRASSEN BAS,VANFRASSEN B,
VAN GELDER T,VANGELDER T,
VAN GELDER T J,VANGELDER T,
VAN GENNEP A,VANGENNEP A,
VAN GERWEN R,VANGERWEN R,
VAN GERWEN ROB,VANGERWEN R,
VAN GINNEKEN JAC,VANGINNEKEN J,
VAN GRUNSVEN J,VANGRUNSVEN J,
VAN GRUNSVEN JANNA,VANGRUNSVEN J,
VAN GULICK R,VANGULICK R,
VAN HATEREN J H,VANHATEREN J,
VAN HATEREN JH,VANHATEREN J,
VAN HAUTE P,VANHAUTE P,
VAN HEIJENOORT J,VANHEIJENOORT J,
VAN HETEREN CF,VANHETEREN C,
VAN HEUSDEN BAREND,VANHEUSDEN B,
VAN HOOFF J A R A M,VANHOOFF J,
VAN HOOFT S,VANHOOFT S,
VAN HOOFT STAN,VANHOOFT S,
VAN INWAGEN P,VANINWAGEN P,
VAN INWAGEN PETER,VANINWAGEN P,
VAN KAAM A,VANKAAM A,
VAN KERCHOVEN GUY,VANKERCHOVEN G,
VAN KERCKHOVEN G,VANKERCKHOVEN G,
VAN KERCKHOVEN GUY,VANKERCKHOVEN G,
VAN KLEY D,VANKLEY D,
VAN LAWICKGOODALL J,VANLAWICKGOODALL J,
VAN LEEUWEN A,VANLEEUWEN A,
VAN LEEUWEN C,VANLEEUWEN C,
VAN LIER B,VANLIER B,
VAN LOMMEL P,VANLOMMEL P,
VAN LUTTERVELD R,VANLUTTERVELD R,
VAN MAANEN M,VANMAANEN M,
VAN MANEN H,VANMANEN H,
VAN MANEN M,VANMANEN M,
VAN MANEN MA,VANMANEN M,
VAN MANEN MAX,VANMANEN M,
VAN MAZIJK C,VANMAZIJK C,
VAN NES A,VANNES A,
VAN NORDEN B,VANNORDEN B,
VAN NORDEN BRYAN W,VANNORDEN B,
VAN ORDEN GC,VANORDEN G,
VAN ORMAN QUINE WILLARD,VANORMAN Q,
VAN OS J,VANOS J,
VAN OYSTAEYEN F,VANOYSTAEYEN F,
VAN PEURSEN C,VANPEURSEN C,
VAN PEURSEN C A,VANPEURSEN C,
VAN REEKUM CM,VANREEKUM C,
VAN REJEN WILLEM,VANREJEN W,
VAN RENSBURG E,VANRENSBURG E,
VAN RENSSELAER POTTER,VANRENSSELAER P,
VAN RIEL GERD,VANRIEL G,
VAN RIEL R,VANRIEL R,
VAN RIEMSDIJK H C,VANRIEMSDIJK H,
VAN RYN M,VANRYN M,
VAN SERVELLEN G M,VANSERVELLEN G,
VAN STADEN CW,VANSTADEN C,
VAN STEEN B,VANSTEEN B,
VAN STIGT W P,VANSTIGT W,
VAN STRIEN PJ,VANSTRIEN P,
VAN TONDER G,VANTONDER G,
VAN TONDER GJ,VANTONDER G,
VAN TONGEREN PAUL,VANTONGEREN P,
VAN TONGEREN PJM,VANTONGEREN P,
VAN TUINEN S,VANTUINEN S,
VAN VEEN V,VANVEEN V,
VAN WASSENHOVE V,VANWASSENHOVE V,
VAN WINGEN GA,VANWINGEN G,
VAN-QUYNH A,VANQUYNH A,
VARELA PABLO POSADA,VARELAPOSADA P,
VARELA T PABLO POSADA,VARELAPOSADA P,
VARGA,VARGA P,
VARGAS BEJARANO JULIO C,VARGASBEJARANO J,
VATICAN COUNCIL II,NA,
VAZ HENRIQUE C DE LIMA,DELIMAVAZ H,
VEASE FLEW A,FLEW A,
VELLEMAN J DAVID,VELLEMAN D,
VERF,VERF V,
VIGOTSKY L,VYGOTSKY L,
VIGOTSKY LEV SEMINOVICH,VYGOTSKY L,
VITGENSHTEIN L,WITTGENSTEIN L,
VITGENSHTEYN L,WITTGENSTEIN L,
VITGENSTEINAS L,WITTGENSTEIN L,
VIVEIROS DE CASTRO E,VIVEIROSDECASTRO E,
VIZ HUSSERL E,HUSSERL E,
VON AHN L,VONAHN L,
VON AQUIN THOMAS,VONAQUIN T,
VON ARNIM H,VONARNIM H,
VON ARNIM J,VONARNIM J,
VON BAEYER W,VONBAEYER W,
VON BALTHASAR H U,VONBALTHASAR H,
VON BALTHASAR HANS URS,VONBALTHASAR H,
VON BERNSTORFF JOCHEN,VONBERNSTORFF J,
VON BEZOLD W,VONBEZOLD W,
VON DER GABELENTZ GEORG,VONDER G,
VON DER HEYDT R,VONDER H,
VON DER LUFT ERIC,VONDER L,
VON DURCKHEIM KARLFRIED,VONDURCKHEIM K,
VON ECKASTERBERGK R,VONECKASTERBERGK R,
VON EHRENFELS C,VONEHRENFELS C,
VON EHRENFELS CH,VONEHRENFELS C,
VON EHRENFELS CHRISTIAN,VONEHRENFELS C,
VON EMMEL TIFFANY,VONEMMEL T,
VON ENGELHARDT D,VONENGELHARDT D,
VON FOERSTER H,VONFOERSTER H,
VON FORST RAINER,VONFORST R,
VON FRANZ ML,VONFRANZ M,
VON FRISCH K,VONFRISCH K,
VON FRITZ KURT,VONFRITZ K,
VON GEBSATTEL V,VONGEBSATTEL V,
VON GEBSATTEL V E,VONGEBSATTEL V,
VON GEBSATTEL VE,VONGEBSATTEL V,
VON GEBSATTEL VEF,VONGEBSATTEL V,
VON GELDER TIM,VONGELDER T,
VON GLASERSFELD E,VONGLASERSFELD E,
VON GOETHE J W,GOETHE J,
VON GOETHE JOHAM WOLFGANG,GOETHE J,
VON GOETHE JOHANN WOLFGANG,GOETHE J,
VON GONZENBACH C,VONGONZENBACH C,
VON HAGENS GUNTHER,VONHAGENS G,
VON HARNACK ADOLF,VONHARNACK A,
VON HARTMANN EDUARD,VONHARTMANN E,
VON HEGEL NATURLICH,HEGEL G,
VON HELMHOLTZ H,VONHELMHOLTZ H,
VON HELMHOLTZ H E F,VONHELMHOLTZ H,
VON HENMANN FW,VONHENMANN F,
VON HERDER J G,VONHERDER J,
VON HERMANN F W,VONHERMANN F,
VON HERMANN FRIEDRICHWILHELM,VONHERMANN F,
VON HERMANN FW,VONHERMANN F,
VON HERRMANN,VONHERRMANN,
VON HERRMANN F  W,VONHERRMANN F,
VON HERRMANN F W,VONHERRMANN F,
VON HERRMANN FRIEDRICH WILHELM,VONHERRMANN F,
VON HERRMANN FRIEDRICHWILHELM,VONHERRMANN F,
VON HERRMANN FW,VONHERRMANN F,
VON HERRMANN KLOSTERMANN,VONHERRMANN K,
VON HERRMANN V FW,VONHERRMANN V,
VON HILDEBRAND A,VONHILDEBRAND A,
VON HILDEBRAND ADOLF,VONHILDEBRAND A,
VON HILDEBRAND ALICE,VONHILDEBRAND A,
VON HILDEBRAND D,VONHILDEBRAND D,
VON HILDEBRAND DIETIUCH,VONHILDEBRAND D,
VON HILDEBRAND DIETRICH,VONHILDEBRAND D,
VON HILDEBRAND DIETRIUCH,VONHILDEBRAND D,
VON HOFSTEN C,VONHOFSTEN C,
VON HOLST E,VONHOLST E,
VON HUMBOLDT W,VONHUMBOLDT W,
VON HUMBOLDT WILHELM,VONHUMBOLDT W,
VON KALCKREUTH M,VONKALCKREUTH M,
VON KERN I,VONKERN I,
VON KLEIST H,VONKLEIST H,
VON KORFF M,VONKORFF M,
VON KRAFFTEBING RICHARD,VONKRAFFTEBING R,
VON KRIES J,VONKRIES J,
VON KUES NICOLAUS,VONKUES N,
VON KUNSTWERKABHANDLUNG,NA,
VON KUTSCHERA F,VONKUTSCHERA F,
VON LABAN RUDOLF,VONLABAN R,
VON LEHMANN K,VONLEHMANN K,
VON LEIBNIZ G W,VONLEIBNIZ G,
VON LEYDEN W,VONLEYDEN W,
VON LINNE C,VONLINNE C,
VON LIPPS SCHILLER,VONLIPPS S,
VON LOEWENICH WALTHER,VONLOEWENICH W,
VON LUCADOU W,VONLUCADOU W,
VON MAIR VICTOR H,VONMAIR V,
VON MANZ HANS G,VONMANZ H,
VON MELCHNER L,VONMELCHNER L,
VON MISES LUDWIG,VONMISES L,
VON MUHLENEN A,VONMUHLENEN A,
VON NEUMANN J,VONNEUMANN J,
VON NEUMANN JOHN,VONNEUMANN J,
VON RANKE LEOPOLD,VONRANKE L,
VON REDEN S,VONREDEN S,
VON ROSPATT A,VONROSPATT A,
VON RUDOLF BOEHM,VONRUDOLF B,
VON SAVIGNY E,VONSAVIGNY E,
VON SCHELLING F,SCHELLING F,
VON SCHELLING FRIEDRICH WILHELM JOSEPH,SCHELLING F,
VON SCHEVE C,VONSCHEVE C,
VON SCHIRNDING ALBERT,VONSCHIRNDING A,
VON SCHONBORN ALEXANDER,VONSCHONBORN A,
VON SCHUHMANN K,VONSCHUHMANN K,
VON SIGWART C,VONSIGWART C,
VON SIGWART CHRISTOPH,VONSIGWART C,
VON SKRAMLIK E,VONSKRAMLIK E,
VON STUCKRAD KOCKU,VONSTUCKRAD K,
VON TIEDEMANN ROLF,VONTIEDEMANN R,
VON UEXKULL J,UEXKULL J,
VON UEXKULL JAKOB,UEXKULL J,
VON UEXKULL T,UEXKULL J,
VON ULLRICH MELLE,VONULLRICH M,
VON WACHTER DANIEL,VONWACHTER D,
VON WEDELSTAEDT ALMUT KRISTINE,VONWEDELSTAEDT A,
VON WEIZSACHER VICTOR,VONWEIZSACHER V,
VON WEIZSACKER C F,VONWEIZSACKER C,
VON WEIZSACKER V,VONWEIZSACKER V,
VON WEIZSACKER V F,VONWEIZSACKER V,
VON WEIZSACKER VIKTOR,VONWEIZSACKER V,
VON WILAMOWITZMOLLENDORFF ULRICH,VONWILAMOWITZMOLLENDORFF U,
VON WILH D GE,VONWILH D,
VON WILHELM SCHELLING FRIEDRICH JOSEPH,SCHELLING F,
VON WOLZOGEN CHRISTOPH,VONWOLZOGEN C,
VON WRIGHT G H,VONWRIGHT G,
VON WRIGHT GEORG H,VONWRIGHT G,
VON WRIGHT GEORG HENRIK,VONWRIGHT G,
VON ZERSSEN D,VONZERSSEN D,
VON ZUBEN NA,VONZUBEN N,
VONHUMBOLT V,VONHUMBOLDT W,
VV AA,NA,
VYGOTSKIJ LS,VYGOTSKY L,
VYGOTSKIY L S,VYGOTSKY L,
VYGOTSKIY LEV S,VYGOTSKY L,
VYGOTSKIY LS,VYGOTSKY L,
WALDENFELS,WALDENFELS B,
WILHELM FRIEDRICH GEORG,HEGEL G,
WILHELM FRIEDRICH HEGEL GEORG,HEGEL G,
WILHELM G,HEGEL G,
WILHELM JOSEPH FRIEDRICH,SCHELLING F,
WILLIAM JAMES,JAMES W,
WILSHIRE,WILSHIRE B,
WITGENSTEIN LUDWIG,WITTGENSTEIN L,
WITTGENSTEIN,WITTGENSTEIN L,
WITTGENSWIN L,WITTGENSTEIN L,
WOLFRAM COX JULIE,WOLFRAMCOX J,
WOODRUFF SMITH D,SMITH DW,
WORDSWORTH,WORDSWORTH W,
WORK BASEDLEARNIN,NA,
WORLD BANK DEVELOPMENT INDICATORS,NA,
WORLD COMMISSION ON ENVIRONMENT AND DEVELOPMENT,NA,
WORLD HEALTH ORGANIZATION,NA,
WUNDT,WUNDT W,
WUNDT M,WUNDT W,
XSTREAM PICTURES,NA,
YASPERS K,JASPERS K,
YUMCHA EDITORIAL TEAM,NA,
ZAHAVI,ZAHAVI D,
ZAHAVI CF D,ZAHAVI D,
ZAHLAVI D,ZAHAVI D,
ZEHAVI D,ZAHAVI D,
ZENKOVSKII V,ZENKOVSKY V,
ZENKOVSKIJ VV,ZENKOVSKY V,
ZHAK DERRIDA V MOSKV,NA,
ZIEK S,ZIZEK S,
ZIEK SLAVOJ,ZIZEK S,
ZIMMERMAN M J,ZIMMERMAN MJ,
ZIRION A,ZIRION AQ,
ZIRION ANTONIO,ZIRION AQ,
ZIRION AQ,ZIRION AQ,
ZIRION DE ANTONIO,ZIRION AQ,
ZIRION Q,ZIRION AQ,
ZIRION QUIJANO A,ZIRION AQ,
ZIRION QUIJANO ANTONIO,ZIRION AQ,
ZIRMUNSKIJ V,ZHIRMUNSKY V,
ZIRMUNSKIS V,ZHIRMUNSKY V,
ZIZEK SLAVOJ,ZIZEK S,
ZIZEK V SLAVOJ,ZIZEK S,
ZUBIRI,ZUBIRI X,