OLD NAME,"NEW NAME (""NA"" to Delete)",COMMENT
A CORRECTION,NA,Not a reference
A LUDW U FREIB HA,NA,Association
AA VV,NA,Reference mat
AA XV,NA,Reference mat
AAVV,NA,"Spanish for ""Various Authors"""
ABELL,ABELL C,
ABENSOR M,ABENSOUR M,
ABOY CARLES G,ABOYCARLES G,
ABRAM,ABRAM D,
ABRAMS DE ERIKA,ABRAMS E,
ABROMHEIT JOHN,ABROMEIT J,
ABTEILUNG Z,NA,Reference mat
ADDITIONALLY COATES,NA,Probably a mistake
ADELGUNDIS JAEGERSCHMID OSBADELGUNDIS,ADELGUNDISJAEGERSCHMID O,
ADOMO THEODOR W,ADORNO T,
ADORNO,ADORNO T,
ADRIAN ED,ESCUDERO J,
ADRIAN ESCLIDERO J,ESCUDERO J,
ADRIAN ESCUDERO J,ESCUDERO J,
ADRIAN ESCUDERO JESUS,ESCUDERO J,
ADRIAN J,ESCUDERO J,
ADRIAN JESUS,ESCUDERO J,
AFONSKIY MONAKH SIMEON,SIMEON A,
AG FRANC PRESS,NA,Publisher
AGAMBEN,AGAMBEN G,
AGIS VILLAVERDE MARCELINO,AGISVILLAVERDE M,
AGUILERA VITA S,AGUILERAVITA S,
AGUILERA VITA SERGIO,AGUILERAVITA S,
AGUIRRE-GARCIA JC,AGUIRREGARCIA J,
AGUSTIN,AUGUSTINE,
AGUSTIN DE HIPONA SAN,AUGUSTINE,
AHUMADA CRISTI M,AHUMADACRISTI M,
AI-SAJI A,ALSAJI A,
AIMOLA DAVIES A M,AIMOLADAVIES A,
AKAD AUSGABE,NA,Akademie Ausgabe
AKIRA HIRAKAWA,HIRAKAWA A,
AL BAQLI RUZBIHAN,ALBAQLI R,
AL-SAJI A,ALSAJI A,
ALAIN,ALAIN E,
ALALGHER S,GALLAGHER S,
ALBERT CAMUS,CAMUS A,
ALBERTRAZZI L,ALBERTAZZI L,
ALCOFF,ALCOFF L,
ALCOFFLM,ALCOFF L,
ALCOHOLICS ANONYMOUS,NA,Association
ALDERSON-DAY B,ALDERSONDAY B,
ALEIDA,ASSMANN A,
ALEIDA ASSMANN,ASSMANN A,
ALES BELLO A,ALESBELLO A,
ALES BELLO ANGELA,ALESBELLO A,
ALESBELLO A,ALESBELLO A,
ALEXADNER W,ALEXANDER W,
ALFRED S,SCHÜTZ A,
ALGHAZALI,ALGHAZALI A,
ALLAN WOLTER OFM,WOLTER A,
ALLES BELLO A,ALESBELLO A,
ALLMAN MJ,ALLMAN J,
ALMOND,ALMOND P,
ALPHONSE DE WAELHENS,DEWAELHENS A,
ALSTON P,ALSTON W,
ALTAYA BARCELONA,NA,Publisher
ALTEZ-ALBELA FR,ALTEZALBELA F,
ALVAREZ GOMEZ M,ALVAREZGOMEZ M,
ALVAREZ RAMIREZ WILLIAM,ALVAREZRAMIREZ W,
AM AC PED,NA,Academy
AM PSYCH ASS,NA,Academy
AM SOC AESTH PLAS,NA,Academy
AMERICAN HERITAGE DICTIONARY,NA,Reference
AMERICAN PSYCHIATRIC ASSOCIATION,NA,Association
AMERICAN PSYCHIATRIC ASSOCIATION APA,NA,Association
AMES,AMES R,
AMY HOLLYWOOD STATES,HOLLYWOOD A,
ANCHE MKLINE,KLINE M,
ANCORA,NA,Pretty sure it's not a name.
ANDO T,TADAO A,
ANDO TADAO,TADAO A,
ANDRE DU BOUCHET,DUBOUCHET A,
ANKERSMIT,ANKERSMIT F,
ANNEMARI SHIMMEL,SHIMMEL A,
ANONYMOUS,NA,
ANSCOMB GM,ANSCOMBE E,
ANSCOMBE G,ANSCOMBE E,
ANSCOMBE G E M,ANSCOMBE E,
ANSCOMBE GEM,ANSCOMBE E,
ANSELL PEARSON K,ANSELLPEARSON K,
ANSELL PEARSON KEITH,ANSELLPEARSON K,
ANSELL-PEARSON K,ANSELLPEARSON K,
ANSELM CANTERBU,ANSELM,
ANSELM CANTERBURY,ANSELM,
ANZALDUAS GLORIA,ANZALDUA G,
APA,NA,Reference
APPIAH A,APPIAH K,
AQINAS T,AQUINAS,
AQUIN T,AQUINAS,
AQUINAS ST THOMAS,AQUINAS,
AQUINAS T,AQUINAS,
AQUINAS THOMAS,AQUINAS,
AQUINO T,AQUINAS,
AQUINO TOMAS DE,AQUINAS,
ARBELEZ CARDONA TERESA,ARBELEZCARDONA T,
ARBIB,ARBIB D,
ARDAVIN E E MERINO,NA,Two different authors
ARENDT,ARENDT H,
ARENDT K,ARENDT H,
ARENDT KHANNA,ARENDT H,
ARENDTOVA H,ARENDT H,
ARENDTOVA HANNAH,ARENDT H,
ARENDTOVE HANNAH,ARENDT H,
ARENT H,ARENDT H,
ARGUABLY SLOTERDIJK,SLOTERDIJK P,
ARGUELLES-FERNANDEZ G,ARGUELLESFERNANDEZ G,
ARISTOLE,ARISTOTLE,
ARISTOTE,ARISTOTLE,
ARISTOTEL,ARISTOTLE,
ARISTOTELE,ARISTOTLE,
ARISTOTELES,ARISTOTLE,
ARISTOTELES M,ARISTOTLE,
ARISTOTELIS,ARISTOTLE,
ARISTOTLE  SACHS J,ARISTOTLE,
ARITSOTEL,ARISTOTLE,
ARMSTRONG,ARMSTRONG D,
ARNAULD,ARNAULD A,
ARNEL TREVENA JUDY,TREVENA A,
ARRIAGA RODRIGUEZ J C,ARRIAGARODRIGUEZ J,
ARSTILA,ARSTILA V,
ARTHUR,SCHOPENHAUER A,
ARTHUR LITTLE SJ,LITTLE A,
ASHBY W R,ASHBY R,
ASHWORTH JR WILLIAM B,ASHWORTH W,
ASNE,NA,Association
ASPINALL FOUNDATION,NA,Association
ASSMANN VGL JAN,ASSMANN J,
ASSULAMI,SULAMI,
ASTHETIK GERNOT BOHME,BÖHME G,
ATT<UMACRON>S NASRADDN,ADDIN N,
ATTERTON,ATTERTON P,
AUBERT EMMANUEL DE SAINT,DESAINTAUBERT E,
AUBERT SAINT,DESAINTAUBERT E,
AUDOIN ROUZEAU STEPHANE,AUDOINROUZEAU S,
AUFTRAG DES TERESIANISCHEN KARMELS IN DEUTSCHLAND DURCH DAS INTERNATIONALE EDITHSTEININSTITUT WURZBURG,NA,Association
AUGUSTIN,AUGUSTINE,
AUGUSTIN S,AUGUSTINE,
AUGUSTINE GULYANITSKY,AUGUSTINE,
AUGUSTINE HIPPO,AUGUSTINE,
AUGUSTINE SAINT,AUGUSTINE,
AUGUSTINE ST,AUGUSTINE,
AUGUSTINUS,AUGUSTINE,
AUGUSTINUS AURELIUS,AUGUSTINE,
AUN H,LAUN H,
AUSTIN,AUSTIN J,
AUSTIN LJ,AUSTIN J,
AVE LALLEMANT E,AVELALLEMANT E,
AVENI,AVENI A,
AVGUSTIN,AUGUSTINE,
AVGUSTIN BLAZHENNY,AUGUSTINE,
AVICENA,AVICENNA,
AYDEDE,AYDEDE M,
B O,NA,What is this
BA ALBAKI ROHI,BAALBAKI R,
BAADER FRANZ VON,VONBAADER F,
BABETTE B,BABICH B,
BACHDARD,BACHELARD S,
BACHEALRD G,BACHELARD G,
BACHELARD,BACHELARD S,"I checked the paper and it's S, not G"
BACHELARS S,BACHELARD S,
BACHTIN DS,BAKHTIN M,Checked references. All to Bakhtin
BACHTIN M,BAKHTIN M,Checked references. All to Bakhtin
BACHTIN MICHAEL,BAKHTIN M,Checked references. All to Bakhtin
BACHTIN MICHAIL M,BAKHTIN M,Checked references. All to Bakhtin
BACHTIN MM,BAKHTIN M,Checked references. All to Bakhtin
BAHTIN MIHAIL,BAKHTIN M,
BAINBRIDGE COHEN B,COHEN B,
BALCKBOURN D,BLACKBOURN D,
BALCKBURN S,BLACKBURN S,
BALDWIN,BALDWIN T,
BALLARD,BALLARD E,Checked paper
BALTHASAR,VONBALTHASAR H,
BALTHASAR HANS URS VON,VONBALTHASAR H,
BALTHASAR HUV,VONBALTHASAR H,
BALTZER-JARAY K,BALTZERJARAY K,
BALZAC HONORE DE,DEBALZAC H,
BANCHETTIROBINO,BANCHETTIROBINO M,
BARABARAS R,BARBARAS R,
BARBA-KAY A,BARBAKAY A,
BARBARAS,BARBARAS R,
BARBARAUS R,BARBARAS R,
BARBARRAS R,BARBARAS R,
BARBOSA DA SILVA A,DASILVA A,
BARBOSA MARTINEZ O E,BARBOSAMARTINEZ O,
BARNETT BROUGH JOHN,BROUGH J,
BARO MIGUEL GARCIA,GARCIABARO M,
BAROHCOHEN S,BARONCOHEN S,
BARON COHEN SIMON,BARONCOHEN S,
BARONCOHEN HTS,BARONCOHEN S,
BARRETT,BARRETT J,
BARRY,BARRY K,
BARTHELEMYMADAUM,BARTHELEMYMADAULE M,
BARTHES BR,BARTHES R,
BARTHES POZRI R,BARTHES R,
BARTLEY III W W,BARTLEY W,
BASEHEART CM,BASEHEART M,
BATSON,BATSON C,
BATTAN HORENSTEIN A,BATTANHORENSTEIN A,
BATTAN HORENSTEIN ARIELA,BATTANHORENSTEIN A,
BAUCHS B,BAUCH B,
BAYER STAATSB MUN,NA,It's a library
BBC RADIO,NA,It's the BBC
BCPSG,NA,??
BEAUCHEMP TL,BEAUCHAMP T,
BEAUFRET VJ,BEAUFRET J,
BEAUME JC,BEAUNE J,
BEAUVOIR,DEBEAUVOIR S,
BEAUVOIR D S,DEBEAUVOIR S,
BEAUVOIR S,DEBEAUVOIR S,
BEAUVOIR S DE,DEBEAUVOIR S,
BEAUVOIR SD,DEBEAUVOIR S,
BEAUVOIR SIMONE,DEBEAUVOIR S,
BEAUVOIR SIMONE DE,DEBEAUVOIR S,
BECKMANN B,BECKMANNZOLLER B,
BECKMANN BEATE,BECKMANNZOLLER B,
BECKMANN-ZOLLER B,BECKMANNZOLLER B,
BEIERWALTES,BEIERWALTES W,
BEING NOTHINGNESS,SARTRE J,
BEISER,BEISER F,
BEISTEGUI M DE,DEBEISTEGUI M,
BEISTEGUI MIGUEL DE,DEBEISTEGUI M,
BEITES P FERNANDEZ,FERNANDEZBEITES P,
BEJARANO J C VARGAS,VARGASBEJARANO J,
BEJARANO JULIO VARGAS,VARGASBEJARANO J,
BELLAH,BELLAH R,
BELLO A,ALESBELLO A,
BELLO A A,ALESBELLO A,
BELLO A ALES,ALESBELLO A,
BELLO AA,ALESBELLO A,
BELLO ALES,ALESBELLO A,
BELLO ANGELA ALES,ALESBELLO A,
BELYI A,BELY A,
BELYI ANDREI,BELY A,
BEN ALDERSONDAY,ALDERSONDAY B,
BEN BAGDIKIAN,BAGDIKIAN B,
BEN BARZILLAI R JUDAH,BENBARZILLAI J,
BEN BRADLEY,BRADLEY B,
BEN PAZI H,BENPAZI H,
BEN ZEEEV A,BENZEEV A,
BENACCRRAF P,BENACERRAF P,
BENARY,BENARY W,
BENBRAMBLE,BRAMBLE B,
BENEDICT POPE,BENEDICT XVI,
BENEDICT XVI,BENEDICT XVI,
BENEDICT XVI POPE,BENEDICT XVI,
BENJAMIN,BENJAMIN W,
BENOIST,BENOIST J,
BENZEV A,BENZEEV A,
BERDIAEV N,BERDYAEV N,
BERG JH VAN DEN,VANDENBERG J,
BERG VON N,VONBERG N,
BERGSON,BERGSON H,
BERGSON A,BERGSON H,
BERKOVICH-OHANA A,BERKOVICHOHANA A,
BERNARD,NA,Couldn't find which bernard this was
BERNERSLEE,BERNERSLEE T,
BERNET CF R,BERNET R,
BERNETS R,BERNET R,
BERNSTEIN,BERNSTEIN J,
BERTRAND RUSSELL,RUSSELL B,
BESSMEL'TSEVA O,BESSMELTSEVA O,
BHABHA J,BHABHA H,
BHATTACHARYYA,BHATTACHARYA K,
BHATTACHARYYA K,BHATTACHARYA K,
BHATTACHARYYA KC,BHATTACHARYA K,
BHATTACHARYYA V,BHATTACHARYA V,
BHIKKHU B,BODHI B,
BIAGI M L ALTIERI,ALTIERIBIAGI M,
BIASUTII F,BIASUTTI F,
BIBIHIN VV,BIBIKHIN V,
BIBLE,NA,
BIBLIOGRAFIA AMERICAN PSYCHIATRIC ASSOCIATION APA,NA,
BIBLIOTHEQUE NATIONALE DE FRANCE DEPARTMENT OF MANUSCRIPTS,NA,
BIEMEL,BIEMEL W,
BIEMEL M,BIEMEL W,
BIEMEL MANY,BIEMEL W,
BIEMEL MARLY,BIEMEL W,
BIEMEL MARTY,BIEMEL W,
BIEMEL MW,BIEMEL W,
BIESE,NA,Couldn't find reference in the paper
BIFFI I,BIFFT I,
BIJSTERVELD A,BIJSTERVELD K,
BIN KIMURA,KIMURA B,
BINGGELL S,BINGGELI S,
BINKIMURA,KIMURA B,
BINSVANGER L,BINSWANGER L,
BIRD-POLLAN S,BIRDPOLLAN S,
BJORNSSONS GUNNAR,BJORNSSON G,
BLACJBURN S,BLACKBURN S,
BLANCO FERNANDEZ DOMINGO,BLANCOFERNANDEZ D,
BLANKENBURG,BLANKENBURG W,
BLASCHEK-HAHNOVA H,BLASCHEKHANOVA H,
BLAUSTEIN,BLAUSTEIN L,
BLECHA L,BLECHA I,
BLONSKII,BLONSKII P,
BLUMENBERG,BLUMENBERG H,
BLUMENBERG D,BLUMENBERG H,
BLUMENBERG J,BLUMENBERG H,
BLUMENBERG REZENSION VON H,BLUMENBERG H,
BOBONICH,BOBONICH C,
BOCCACCINBI F,BOCCACCINI F,
BOCKENFORDE W,BOCKENFORDE E,
BODEA OC,BODEA C,
BODLER BENJAMIN W SHARL,BENJAMIN W,
BOER DE,DEBOER T,
BOGHOSSIAN F,BOGHOSSIAN P,
BOGNAR,BOORSE C,checked paper
BOHME,BOHME J,checked paper
BOLLNOW LOGIK OTTO FRIEDRICH,BOLLNOW O,
BOLLNOW R,BOLLNOW O,
BOLNOW F O,BOLNOW O,
BOLTANSKI,BOLTANSKI L,
BOLZANO,BOLZANO B,
BONAVENTURA,BONAVENTURE,
BONAVENTURE ST,BONAVENTURE,
BONECKAJA HK,BONECKAJA N,
BONHOEFFER,BONHOEFFER D,
BONHOEFFERS,BONHOEFFER D,
BONITO OLIVA A,BONITOOLIVA A,
BONITO OLIVA R,BONITOOLIVA A,
BONNEVAL,BONNEFOY Y,checked paper
BOSSES,NA,couldnt find on paper
BOSTON CHANGE PROCESS GROUP,NA,Group
BOTZ BORNSTEIN T,BOTZBORNSTEIN T,
BOURBAKI,BOURBAKI N,
BOURDIEUR P,BOURDIEU P,
BOURGEOIS,BOURGEOIS B,
BOURGET,BOURGET D,
BOYCE GIBSON W R,BOYCEGIBSON W,
BOYCE WRB,BOYCEGIBSON W,
BOZZR P,BOZZI P,
BRADDONMITCHEL D,BRADDONMITCHELL D,
BRADLEY,BRADLEY,couldnt find reference
BRAIG K,BRAIG C,
BRANBD G,BRAND G,
BRANDOM,BRANDOM R,
BRANDT,BRANDT F,checked paper
BREDA HLV,VANBREDA H,
BREDA L,VANBREDA H,
BREDA VAN HL,VANBREDA H,
BREER R,BREEUR R,
BREEUR ZR,BREEUR R,
BREHIER,BREHIER E,
BREMONDS HENRI,BREMOND H,
BRENT MADISON GARY,MADISON G,
BRENTANO,BRENTANO F,
BRENTANO E,BRENTANO F,
BRET WDAVIS,DAVIS B,
BRETANO F,BRENTANO F,
BREUN,BREUN R,Checked paper
BREWER,BREWER B,
BRINKMAN KLAUS,BRINKMANN K,
BRINNIN M,BRINNIN J,
BROCK MASON M,MASON B,
BROCKER OLTMANNS K,BROCKEROLTMANNS K,
BRUCE GOLDSTEIN E,GOLDSTEIN B,
BRUIN DE,DEBRUIN L,
BRUNETR,BRUNET R,
BRUNSCHVICG,BRUNSCHVICG L,
BRUNSCHVIGG L,BRUNSCHVICG L,
BRUZINA,BRUZINA R,
BUBNER,BUBNER R,
BUENO-GOMEZ N,BUENOGOMEZ N,
BULLETIN DE LINSTITUT SUPERIEUR DE PHILOSOPHIE,NA,publication
BURBIDGE,BURBIDGE J,
BURCH,BURCH N,Checked paper
BUREN JOHN VAN,VANBUREN J,
BURNHAM,BURNHAM J,checked paper
BUSH,BUSH L,checked paper
BUTLER,BUTLER J,
BUTLERS JUDITH,BUTLER J,
BUYITENDIJK F J J,BUYTENDIJK F,
BUYTENDIJK DE F J J,BUYTENDIJK F,
BUYTENDIJK JFJ,BUYTENDIJK F,
BUYTENDIJKS FJJ,BUYTENDIJK F,
BYRNE,BYRNE A,
BYRNES A,BYRNE A,checked paper
CACHO VIU V,CACHOVIU V,
CAHALAN,CAHALAN J,
CAHN R,CAHN B,
CAILLE,CAILLE A,
CALVO J M ZAMORA,ZAMORACALVO J,
CAMEIRO SFB,CARNEIRO S,
CAMINHA DE IRAQUITAN OLIVEIRA,DEOLIVEIRAIRAQUITAN C,
CAMPBELL,CAMPBELL J,checked paper
CAMUS,CAMUS A,
CANGUILHELM GEORGES,CANGUILHEM G,
CAPUTO,CAPUTO J,checked paper
CAPUZZI,CAPUZZI F,
CARBONES MAURO,CARBONE M,
CARL WOLFGANG,WOLFGANG C,
CARLL WHITE A,CARLLWHITE A,
CARLSON,CARLSON T,
CARMEAN JR EA,CARMEAN E,
CARR,CARR D,
CARRASCO ALEXANDRE DE OLIVEIRA TORRES,CARRASCODEOLIVEIRA A,
CARRILLO SALCEDO JUAN ANTONIO,CARRILLOSALCEDO J,
CARTESIANISCHE MEDIT,HUSSERL E,
CARVALHO M JOELMA,CARVALHO J,
CASATI,CASATI R,
CASEY,CASEY E,
CASSEDY,CASSEDY S,
CASSEL EJ,CASSELL E,
CASSIDY,CASSEDY S,
CASSIER ERNST,CASSIRER E,
CASSIRER,CASSIRER E,
CASSIRER N,CASSIRER E,
CASSOU-NOGUES P,CASSOUNOGUES P,
CASSOUNOGUS P,CASSOUNOGUES P,
CASTORIADIS,CASTORIADIS C,
CASTRO DE ZUBIRI C,ZUBIRI X,
CATARZI,CATARZI M,
CATHERINE MALABOU,MALABOU C,
CAVALLI SFORZA LL,CAVALLISFORZA L,
CAVEDON-TAYLOR D,CAVEDONTAYLOR D,
CENTERS FOR DISEASE CONTROL AND PREVENTION CDC,NA,the CDC
CENTRO REGIONAL DE INFORMACAO DAS NACOES UNIDASUNRIC,NA,Association
CERF,CERF W,
CERVANTES,DECERVANTES M,
CERVANTES SAAVEDRA M DE,DECERVANTES M,
CH NORBERGSCHULZ,NORBERGSCHULZ C,
CHAKKA LAKAL SILVY,CHAKKALAKAL S,
CHANDOGYA UPANISAD,NA,"This is a text, not an author"
CHANG,CHANG C,checked reference
CHARLES DANIEL,DANIEL C,checked paper
CHARLES DARWIN,DARWIN C,
CHAVEZ BAEZ ROMAN ALEJANDRO,CHAVEZBAES R,
CHERNIAKOV A G,CHERNYAKOV A,
CHERNJAKOV AG,CHERNYAKOV A,
CHKLOVSKI,NA,couldn't find this
CHOMSKY,CHOMSKY N,
CHREIIEN JL,CHRETIEN J,
CHRETIEN,CHRETIEN J,
CHRONOS,NA,weird reference
CHRUCHLAND P,CHURCHLAND P,
CHRUDZMINSKI ARKADIUSZ,CHRUDZIMSKI A,
CHUBAROVA IM,CHUBAROV I,
CHURCHILL,CHURCHILL J,
CHVATIK A KOL I,CHVATIK I,
CIARAMELLI CF,CIARAMELLI F,
CIARRAMELLI F,CIARAMELLI F,
CICERO DE NATURA DEORUM,CICERO,
CICERO MT,CICERO,
CIPOLETTI M S,CIPOLLETTI M,
CIVITA,CIVITA A,
CIYUAN,NA,dictionary
CLAESGES L,CLAESGES U,
CLAIRE HILL ORTIZ,ORTIZHILL C,
CLAUDEL,CLAUDEL P,
CLAVINO ITALO,CALVINO I,
CLIFTON-SODERSTROM K,CLIFTONSODERSTROM K,
CMV,NA,
CNN,NA,
COBIAN MARIO TEODORO RAMIREZ,COBIANRAMIREZ M,
COBIAN MTR,COBIANRAMIREZ M,
COBIAN RAMIREZ,COBIANRAMIREZ M,
CODE CY JOANETTE,YVES J,
COHEN,COHEN H,
COHEN-LEVINAS D,COHENLEVINAS D,
COLABORADORES DE WIKIPEDIA,NA,wikipedia
COLECTIVO DEL LIBRO DE LA SALUD DE LAS MUJERES DE BOSTON,NA,association
COLLECTIF,NA,association
COLLINGWOOD,COLLINGWOOD R,
COMMUNICATION EVOLUT,NA,Association?
COMPTE A,COMTE A,
CONDE SOTO F,CONDESOTO F,
CONFESSIONS A,AUGUSTINE,
CONILL-SANCHO J,CONILLSANCHO J,
CONKLIN,CONKLIN W,
CONRAD,CONRAD T,checked paper
CONRAD MARTIUS H,CONRADMARTIUS H,
CONRAD-MARTIUS H,CONRADMARTIUS H,
CONSEJO ECONOMICO Y SOCIAL,NA,Association
CONVIS JR CH,CONVIS C,
COOPER,COOPER D,
CORBUSIER L,LECORBUSIER,
CORBUSIER LE,LECORBUSIER,
CORRADI FIUMARA GEMMA,FIUMARI G,
CORREIA M F SA,SCHOPENHAUER A,"checked paper, cites schopenhauer"
COSMANN,COSMANN P,
COSTA,COSTA V,checked paper
COUNCIL OF THE EUROPEAN UNION,NA,
COWIE,COWIE C,
CRAIG WATKINS SAMUEL,WATKINS S,
CRAIGSLIST,CRAIGSLIST,???
CRENSHAW,CRENSHAW K,
CRESPO,CRESPO M,
CRITICISM KANTIAN,NA,
CROSS,CROSS R,
"CROSS JOHN OF THE	CROSS J",JOHN OF THE CROSS,
CROWELL,CROWELL S,
CROWTHER,CROWTHER P,
CRRANE T,CRANE T,
CSIKSZENTMIHALYM,CSIKSZENTMIHALYI M,
CUBO UGARTE OSCAR,CUBOUGARTE O,
CUESTA ABAD NEL SUO J M,CUESTAABAD J,
CURRY G,CURRIE G,
CYNTHIA,MACDONALD C,
CZERKAWSKI JOZEF,CZARKOWSKI J,
CZERKOWSKI JOZEF,CZARKOWSKI J,
D ALLONNES M REVAULT,DALLONES M,
D'ADDELFIO G,DADDELFIO G,
D'ALOISIO-MONTILLA N,DALOISIOMONTILLA N,
D'AMBROSIO PJ,DAMBROSIO P,
D'HONDT J,DHONDT J,
DA BAGNOREGIO BONAVENTURA,DABAGNOREGIO B,
DA BUTI F,DABUTI F,
DA CAMARA J M B,DACAMARA J,
DA COSTA ANDRIOLLI DE BRITES,DACOSTA A,
DA POS O,DAPOS O,
DA RE A,DARE A,
DA SILVA CAD,DASILVA C,
DA SILVA J,DASILVA J,
DA SILVA J J,DASILVA J,
DA SILVA JJ,DASILVA J,
DA SILVA MP,DASILVA M,
DADO ORIGINARIO NIVE,NA,phrase in portuguese
DAHRENDORF,DAHRENDORF R,
DAINTON,DAINTON B,
DAL LAGO A,DALLAGO A,
DAL MONTE DP,DALMONTE D,
DALEMBERT,DALEMBERT J,
DALLE GRAVE RICCARDO,DALLEGRAVE R,
DALLMAYR,DALLMAYR F,
DAMASCUS,JOHN OF DAMASCUS,
DAN,DAN J,
DAN ZAHAVI,ZAHAVI D,
DANIEL D,MOSLEY D,
DANIEL DENNETT,DENNETT D,
DANIEL EV,DANIEL V,
DANIELE HERVIEULEGER,HERVIEULEGER D,
DANISH COUNC EHT,NA,Association
DANTE,ALIGHIERI D,
DANTE ALIGHIERI,ALIGHIERI D,
DANZAHAVI,ZAHAVI D,
DARWALL,DARWALL S,
DASGUPTA,DASGUPTA S,
DASTURE F,DASTUR F,
DASTUROVE F,DASTUR F,
DATUR F,DASTUR F,
DAUJOTYTE-PAKERIENE V,DAUJOTYTEPAKERIENE V,
DAUJOTYTEPAKERIV,DAUJOTYTEPAKERIENE V,
DAV IES M,DAVIES M,
DAVID A,DILWORTH D,
DAVID ADILWORTH,DILWORTH D,
DAVID C,LINDBERG D,
DAVID FKRELL,KRELL D,
DAVID FSTRAUSS,STRAUSS D,
DAVID HUME,HUME D,
DAVID JCHALMERS,CHALMERS D,
DAVIDSON,DAVIDSON D,
DE AGUIRRE EVA,DEAGUIRRE E,
DE ALMEIDA G,DEALMEIDA G,
DE ANDRADE AD,DEANDRADE A,
DE ANGELIS M,DEANGELIS M,
DE AQUINO JEF,AQUINAS,
DE AQUINO S TOMAS,AQUINAS,
DE AQUINO SANTO TOMAS,AQUINAS,
DE AQUINO TOMAS,AQUINAS,
DE ARAUJO LUIS,DEARAUJO L,
DE ARISTOTLE,ARISTOTLE,
DE ARMAS MAGANA D,DEARMAS M,
DE AZEVEDO S,DEAZEVEDO S,
DE BALBINBEHRMANN R,DEBALBINBEHRMANN R,
DE BALZAC H,DEBALZAC H,
DE BARROS J A,DEBARROS J,
DE BARROS MANOEL,DEBARROS M,
DE BARY E,DEBARY E,
DE BARY W THEODORE,DEBARY W,
DE BEAUVOIR S,DEBEAUVOIR S,
DE BEAUVOIR SIMONE,DEBEAUVOIR S,
DE BEAVOIR S,DEBEAUVOIR S,
DE BEISTEGUI M,DEBEISTEGUI M,
DE BEISTEGUI MIGUEL,DEBEISTEGUI M,
DE BEISTEGUI MIQUEL,DEBEISTEGUI M,
DE BERGERAC CYRANO,DEBERGERAC C,
DE BIRAN M,DEBIRAN M,
DE BIRAN MAINE,DEBIRAN M,
DE BOER K,DEBOER K,
DE BOER MARTINUS C,DEBOER M,
DE BOER P A H,DEBOER P,
DE BOER T,DEBOER T,
DE BOER TH,DEBOER T,
DE BOER THEODORE,DEBOER T,
DE BOLLA P,DEBOLLA P,
DE BORNECQUE H,DEBORNECQUE H,
DE BRIGARD F,DEBRIGARD F,
DE BRUIN L,DEBRUIN L,
DE BRUIN LC,DEBRUIN L,
DE CALAN R,DECALAN R,
DE CAMPOS AUGUSTO,DECAMPOS A,
DE CARLI F,DECARLI F,
DE CARO M,DECARO M,
DE CARVALHO JM,DECARVALHO J,
DE CARVALHO JOSE MAURICIO,DECARVALHO J,
DE CERTEAU M,DECERTEAU M,
DE CERTEAU MICHEL,DECERTEAU M,
DE CHARDIN P T,DECHARDIN P,
DE CHARMS R,DECHARMS R,
DE CLARAVAL BERNARDO,DECLARAVAL B,
DE CLERCQ R,DECLERCQ R,
DE CONDILLAC E B,DECONDILLAC E,
DE CONDILLAC E BONNOT,DECONDILLAC E,
DE CONDILLAC ETIENNE BONNOT,DECONDILLAC E,
DE COOREBYTER V,DECOOREBYTER V,
DE COOREBYTER VINCENT,DECOOREBYTER V,
DE CORTE J,DECORTE J,
DE CRESCENZO GIOVANNI,DECRESCENZO G,
DE CROUSAZ JEANPIERRE,DECROUSAZ J,
DE CRUZ H,DECRUZ H,
DE DECKER B,DEDECKER B,
DE DELEUZE G,DELEUZE G,
DE DUVE T,DEDUVE T,
DE DUVE THIERRY,DEDUVE T,
DE ELEY LOTHAR,DEELEY L,
DE FERDKIN S W,DEFERDKIN S,
DE FINETTI B,DEFINETTI B,
DE FLORES TOMAS,DEFLORES T,
DE FOCKERT JW,DEFOCKERT J,
DE FOLTER R J,DEFOLTER R,
DE GANDILLAC M,DEGANDILLAC M,
DE GANDILLAC MAURICE,DEGANDILLAC M,
DE GANDT F,DEGANDT F,
DE GANDT FRANCOIS,DEGANDT F,
DE GANT F,DEGANDT F,
DE GARDELLE V,DEGARDELLE V,
DE GAULTIER JULES,DEGAULTIER J,
DE GAYNESFORD MAXIMILIAN,DEGAYNESFORD M,
DE GELDER B,DEGELDER B,
DE GENNARO I,DEGENNARO I,
DE GENNARO L,DEGENNARO L,
DE GRAMONT J,DEGRAMONT J,
DE GREEF JAN,DEGREEF J,
DE GROOT A D,DEGROOT A,
DE GURBERT GP,DEGURBERT G,
DE HAAN S,DEHAANS S,
DE HARO A SERRANO,DEHARO A,
DE HARO AGUSTIN SERRANO,DEHARO A,
DE HARO AS,DEHARO A,
DE HARO SERRANO,DEHARO A,
DE HIPONA AGUSTIN,AUGUSTINE,
DE HOOGE IE,DEHOOGE I,
DE JAEGHER H,DEJAEGHER H,
DE JESUS P,DEJESUS P,
DE JONG J W,DEJONG J,
DE JOUVENEL B,DEJOUVENEL B,
DE KESEL MARC,DEKESEL M,
DE KOCK L,DEKOCK L,
DE KONING AJJ,DEKONING A,
DE KORT SR,DEKORT S,
DE LA BOETIE E,DELABOETIE E,
DE LA BOETIE ETIENNE,DELABOETIE E,
DE LA CADENA NB,DELACADENA N,
DE LA CORTE LUIS,DELACORTE L,
DE LA CROIX JEAN,JOHN OF THE CROSS,
DE LA CUESTA BENJUMEA CARMEN,DELACUESTA B,
DE LA FORGE L,DELAFORGE L,
DE LA FUENTE VT,DELAFUENTE V,
DE LA GARANDERIE A,DELAGARANDERIE A,
DE LA HERA MARTINEZ J,DELAHERA M,
DE LA MAZA LUIS MARIANO,DELAMAZA L,
DE LA RUBIA F J,DELARUBIA F,
DE LA VALLEE POUSSIN L,DELAVALLEE P,
DE LAET M,DELAET M,
DE LAGUNA G A,DELAGUNA G,
DE LANCEY C,DELANCEY C,
DE LANDAZURI CO,DELANDAZURI C,
DE LARA F,DELARA F,
DE LARA FRANCISCO,DELARA F,
DE LATOUR SG,DELATOUR S,
DE LAUNAY MARC,DELAUNAY M,
DE LAURENTIIS A,DELAURENTIIS A,
DE LAURENTIIS ALLEGRA,DELAURENTIIS A,
DE LAURETIS T,DELAURETIS T,
DE LECEA RODRIGUEZ,DELECEA R,
DE LERNER RRP,DELERNER R,
DE LIBERA A,DELIBERA A,
DE LIBERA ALAIN,DELIBERA A,
DE LILLO D,DELILLO D,
DE LIMA ERICK C,DELIMA E,
DE LIMA MAG,DELIMA M,
DE LUBAC H,DELUBAC H,
DE LUBAC HENRI,DELUBAC H,
DE LYON IRENEO,DELYON I,
DE LYSER DYDIA,DELYSER D,
DE MAN PAUL,DEMAN P,
DE MANS,DEMAN P,
DE MANUEL VM,DEMANUEL V,
DE MARCHI PAOLA PREMOU,DEMARCHI P,
DE MARTINO B,DEMARTINO B,
DE MARTINO ERNESTO,DEMARTINO E,
DE MAUPASSANT G,DEMAUPASSANT G,
DE MAURO T,DEMAURO T,
DE MENESES KACG,DEMENESES K,
DE MENESES RDB,DEMENESES R,
DE MONTAIGNE MICHEL,DEMONTAIGNE M,
DE MONTHERLANT HENRY,DEMONTHERLANT H,
DE MONTICELLI R,DEMONTICELLI R,
DE MONTICELLI ROBERTA,DEMONTICELLI R,
DE MOURA C A R,DEMOURA C,
DE MUL JOS,DEMUL J,
DE MURALT A,DEMURALT A,
DE MUTH SUSAN,DEMUTH S,
DE MUZAN MICHEL,DEMUZAN M,
DE NATOLE D,DENATOLE D,
DE NEGRI E,DENEGRI E,
DE NERVAL GERARD,DENERVAL G,
DE NEYS W,DENEYS W,
DE NIGRIS F,DENIGRIS F,
DE NYS MARTIN,DENYS M,
DE NYS MJ,DENYS M,
DE OLANETA JOSE J,DEOLANETA J,
DE OLIVEIRA IV,DEOLIVEIRA I,
DE OLIVEIRA N,DEOLIVEIRA N,
DE OLIVEIRA RF,DEOLIVEIRA R,
DE OLIVEIRA ROBERTA PIRES,DEOLIVEIRA R,
DE PALMA V,DEPALMA V,
DE PAULO CJN,DEPAULO C,
DE PAZ O,DEPAZ O,
DE PREESTER H,DE PREESTER H,
DE QUEIROZ M I C,DEQUEIROZ M,
DE QUINCEY THOMAS,DEQUINCEY T,
DE REBECQUE CONSTANT BH,DEREBECQUE C,
DE REGT H W,DEREGT H,
DE REGT HW,DEREGT H,
DE RICHIR CARTESIANISMO,RICHIR M,
DE RIJK L M,DERIJK L,
DE RIJK LAMBERTUS MARIE,DE RIJK L,
DE RIVERA JOSEPH,DERIVERA J,
DE ROO N,DEROO N,
DE ROYAUMONT CAHIERS,DEROYAUMONT C,
DE SAINT AUBERT E,DESAINTAUBERT E,
DE SAINT AUBERT EMMANUEL,DESAINTAUBERT E,
DE SAINTAUBERT E,DESAINTAUBERT E,
DE SAINTAUBERT EMMANUEL,DESAINTAUBERT E,
DE SALAS J,DESALAS J,
DE SALES ANNE,DESALES A,
DE SAN MARTIN J,DESANMARTIN J,
DE SANCTIS F P,DESANCTIS F,
DE SANTIS D,DESANTIS D,
DE SANTIS DANIELE,DESANTIS D,
DE SAUSSURE F,DESAUSSURE F,
DE SAUSSURE FERDINAND,DESAUSSURE F,
DE SCHEPPER EIT,DESCHEPPER E,
DE SILVA HR,DESILVA H,
DE SOUSA LA,DESOUSA L,
DE SOUSA R,DESOUSA R,
DE SOUSA RONALD,DESOUSA R,
DE SPINOZA BARUH,SPINOZA B,
DE TIENNE ANDRE,DETIENNE A,
DE TOCQUEVILLE A,DETOCQUEVILLE A,
DE TOCQUEVILLE ALEXIS,DETOCQUEVILLE A,
DE TONI G A,DETONI G,
DE TONI GA,DETONI G,
DE UGALDE MARTIN,DEUGALDE M,
DE UNAMUNO MIGUEL,UNAMUNO M,
DE URBINA RICARDO S ORTIZ,DEURBINA R,
DE URBINA RICARDO SANCHEZ ORTIZ,DEURBINA R,
DE URBINA RSO,DEURBINA R,
DE URBINA SANCHEZ ORTIZ,DEURBINA R,
DE VECCHI F,DEVECCHI F,
DE VECCHI FRANCESCA,DEVECCHI F,
DE VIGNEMONT F,DEVIGNEMONT F,
DE VILLIERS J,DEVILLIERS J,
DE VINCENZIS F,DEVINCENZIS F,
DE VOS J,DEVOS J,
DE VOS LU,DEVOS L,
DE VRIES H,DEVRIES H,
DE VRIES HENT,DEVRIES H,
DE VRIES W,DEVRIES W,
DE WAAL C,DEWAAL C,
DE WAAL CORNELIS,DEWAAL C,
DE WAAL F,DEWAAL F,
DE WAAL F B,DEWAAL F,
DE WAAL F B M,DEWAAL F,
DE WAAL FBM,DEWAAL F,
DE WAEHLENS ALPHONSE,DEWAEHLENS A,
DE WAELHENS A,DEWAEHLENS A,
DE WAELHENS ALPHONSE,DEWAEHLENS A,
DE WARREN N,DEWARREN N,
DE WARREN NICHOLAS,DEWARREN N,
DE WARREN NICOLAS,DEWARREN N,
DE WINTER J,DEWINTER J,
DE WOLF T,DEWOLF T,
DEALMEIDA,DEALMEIDA O,
DEAUGUSTIN SAINT,AUGUSTINE,
DEGANDT,DEGANDT F,
DEHEGEL,HEGEL G,
DEL ARCO J,DELARCO J,
DEL CANO JMM,DELCANO J,
DEL CARMEN MARIA,DELCARMEN M,
DEL CARO A,DELCAROA,
DEL CUL A,DELCUL A,
DEL MINISTRO M,DELMINISTRO M,
DEL NOCE AUGUSTO,DELNOCE A,
DEL RIO E,DELRIO E,
DEL RIO ELENA,DELRIO E,
DEL RIO R FERNANDEZLOMANA,DELRIOE,
DELAMARREMARTY,DELAMARRE M,
DELAMAZA,DELAMAZA M,
DELEUZC GILLES,DELEUZE G,
DELEUZE,DELEUZE G,
DELEUZE C,DELEUZE G,
DELEUZE G,DELEUZE G,
DELEUZE GILES,DELEUZE G,
DELEUZE GILLE,DELEUZE G,
DELEUZE GILLESFELIX GUATTARI,DELEUZE G,
DELEUZE J,DELEUZE G,
DELEUZE JILLES,DELEUZE G,
DELEZ G,DELEUZE G,
DELPECHE LEONJACQUES,DELPECH L,
DEMAUSS,MERLEAUPONTY M,
DENNETT,DENNETT D,
DENNETT BC,DENNETT D,
DENNETT C D,DENNETT D,
DENNETT C DANIEL,DENNETT D,
DENYS,DENYS M,
DEP HLTH,NA,british department of health
DEPARTMENT FOR EDUCATION AND SKILLS DFES,NA,
DEPARTMENT OF HEALTH,NA,
DEPARTMENT OF HEALTH AND SOCIAL CARE,NA,
DEPRAZ PAR NATALIE,DEPRAZ N,
DEPROUDHON V,PROUDHON P,
DERIDA ZAK,DERRIDA J,
DERRIDA,DERRIDA J,
DERRIDA I,DERRIDA J,
DERRIDA VER J,DERRIDA J,
DERRIDA Z,DERRIDA J,
DERRIDA ZH,DERRIDA J,
DERS,NA,I think these are abbreviations
DERS VGL,NA,I think these are abbreviations
DESAINTEXPUERY A,DESAINTEXUPERY A,
DESAINTJUST ANTOINELOUIS,DESAINTJUST L,
DESANTI TJ,DESANTI J,
DESAUSSER F,DESAUSSURE F,
DESCARTES,DESCARTES R,
DESIDERI,DESIDERI F,
DESMOND,DESMOND W,
DEVRIES,DEVRIES H,
DEWAAL,DEWAAL F,
DEWAELHENS MA,DEWAELHENS A,
DEWEY,DEWEY J,
DEWHALENS A,DEWAEHLENS A,
DEWITTE VAJ,DEWITTE J,
DHONDT SJ,DHONDT J,
DHONNT J,DHONDT J,
DI AMBRA RAFFAELLA,DIAMBRA R,
DI BENEDETTO V,DIBENEDETTO V,
DI BETTY FRIEDAN,DIBETTY F,
DI BONA E,DIBONA E,
DI BRUZZONE D,DIBRUZZONE D,
DI CESARE D,DICESARE D,
DI COSMO R,DICOSMO R,
DI D BARBIERI,BARBIERI D,
DI FAZIO C,DIFAZIO C,
DI FRANCESCO M,DIFRANCESCO M,
DI FRANCESCO MICHELE,DIFRANCESCO M,
DI G PIANA,PIANA G,
DI GIORGI F,DIGIORGI F,
DI GIOVANNI G,DIGIOVANNI G,
DI GIOVANNI GEORGE,DIGIOVANNI G,
DI GREGORI M C,DIGREGORI M,
DI KNOX T M,DIKNOX T,
DI LORENZO PM,DILORENZO P,
DI MARTINO C,DIMARTINO C,
DI MAZZARELLA E,DIMAZZARELLA E,
DI MINO V,DIMINO V,
DI NUCCI E,DINUCCI E,
DI PAOLO E,DIPAOLO E,
DI PAOLO E A,DIPAOLO E,
DI PAOLO EA,DIPAOLO E,
DI PAOLO EZEQUIEL A,DIPAOLO E,
DI PETTA G,DIPETTA G,
DI PIERRO E GONZALEZ,DIPIERRO E,
DI PIERRO EG,DIPIERRO E,
DI S RAVAIOLI,RAVAIOLI S,
DI SAVERIO G,DISAVERIO G,
DI SIMPLICIO M,DISIMPLICIO M,
DIAZ ALVAREZ J M,DIAZALVAREZ J,
DIAZ ALVAREZ JESUS M,DIAZALVAREZ J,
DIAZ DIAZ GONZALO,DIAZDIAZ G,
DIDIHUBERMANN,DIDIHUBERMANN G,
DIELSKRANZ,NA,name for presocratic things
DIES,DIES A,
DILTEY V,DILTHEY W,
DILTEY W,DILTHEY W,
DILTHEY,DILTHEY W,
DIOGENES LAERTI,DIOGENES LAERTIUS,
DIOGENES OENOAN,DIOGENES OF OENOANDA,
DO CARMO IN,DOCARMO I,
DOBKIN DE RIOS M,DOBKINDERIOS M,
DOBRYNIN DA,DOBRYNIN A,
DOERR-ZEGERS O,DOERRZEGERS O,
DOGEN,DOGENZENJI,
DOGEN ZENJI,DOGENZENJI,
DOK I HUA,HUSSERL E,
DOK III HUA,HUSSERL E,
DOMHOFF W G,DOMHOFF G,
DOMINGO MORATALLA A,DOMINGOMORATALLA A,
DOMINGO MORATALLA T,DOMINGOMORATALLA A,
DONALD DAVIDSON,DAVIDSON D,
DOS REIS PIEDADE J I,DOSREIS P,
DOS SANTOS J H,DOSSANTOS J,
DOS SANTOS R,DOSSANTOS R,
DOS SANTOS V,DOSSANTOS V,
DOSEN K,DUSING K,
DOSING DE KLAUS,DUSING K,
DOSING K,DUSING K,
DOSTOEVSKI FM,DOSTOEVSKY F,
DOSTOEVSKIJ F M,DOSTOEVSKY F,
DOSTOEVSKU F,DOSTOEVSKY F,
DOSTOIEVSKI FIODOR,DOSTOEVSKY F,
DOSTOYEVSKY F,DOSTOEVSKY F,
DOSTOYEVSKY FM,DOSTOEVSKY F,
DOSTOYEVSKY FYODOR,DOSTOEVSKY F,
DOSTTOEVSKY F,DOSTOEVSKY F,
DOUGLAS BRICK,BRICK D,
DRAY,DRAY W,
DREYFUS,DREYFUS H,
DREYFUS A,DREYFUS H,
DREYFUS D,DREYFUS H,
DREYFUS G,DREYFUS H,
DREYFUSS H,DREYFUS H,
DROOG DESIGN,NA,a design company?
DRR ZEGERS OTTO,DORRZEGERS O,
DRUE TH,DRUE H,
DRUMMNOD J,DRUMMOND J,
DRUMMNOND J,DRUMMOND J,
DRUMMOND,DRUMMOND J,
DSMIVTR,NA,depression test
DU BELLAY JOACHIM,DUBELLAY J,
DU BOIS W E B,DUBOIS W,
DU BOIS WEB,DUBOIS W,
DU BOIS WILLIAM E B,DUBOIS W,
DU BOISS W E B,DUBOIS W,
DU FEU M,DUFEU M,
DU GAY P,DUGAY P,
DU SAUTOY M,DUSAUTOY M,
DUBOIS MJ,DUBOIS J,
DUBROVSKII D I,DUBROVSKY D,
DUBROVSKII DI,DUBROVSKY D,
DUBROVSKIY D,DUBROVSKY D,
DUDENREDAKTION H,NA,DICTIONARY
DUINTJER,DUINTJER O,checked aper
DUMMET M,DUMMETT M,
DUMMET MICHAEL,DUMMETT M,
DUMRNET MICHAEL,DUMMETT M,
DUPORTAIL,DUPORTAIL G,
DUPORTAIL FELIX,DUPORTAIL G,
DUPORTAILS GUYFELIX,DUPORTAIL G,
DURD'OVIC M,DURDOVIC M,
DUSING,DUSING K,
DY-LIACCO V,DYLIACCO V,
DZIUBALSKAKOLACK,DZIUBALSKAKOLACZYK K,
EAD,NA,?
EAST SUSSEX PUBLIC HEALTH DEPARTMENT,NA,
EDITH STEIN,STEIN E,
EISENSTEIN,EISENSTEIN S,
EMMANUEL L,LEVINAS E,
EMMANUEL LEVINAS,LEVINAS E,
EMMANYUEL LEVINAS PU,LEVINAS E,
ENCYCLOPAEDIA BRITAN,NA,
ENZYKLOPADIE PHILOSO,NA,
ERRIDA J,DERRIDA J,
ERSTE PHILOSOPHIE,HUSSERL E,
ESSAIS N,NA,
ESSAYS IN PHILOSOPHY,NA,
ESSAYS ON THE PHILOSOPHY OF JAAKKO HINTIKKALLA,NA,
FACULDADE DEHONIANA,NA,
FACULTAD DE FILOSOFIA Y LETRAS DE LA UNIVERSIDAD CENTRAL,NA,
FANONS FRANTZ,FANON F,
FAOUCAULT M,FOUCAULT M,
FEUERBACH,FEUERBACH L,
FICHTE,FICHTE J,
FLAY,FLAY J,
FLLESDAL D,FOLLESDAL D,
FOLLENDAL D,FOLLESDAL D,
FOR MENT CAP WELL,NA,
FOUCAULT,FOUCAULT M,
FOUCAULT PM,FOUCAULT M,
FOUCAULTS M,FOUCAULT M,
FREGE,FREGE G,
FREUD,FREUD S,
FRIEDRICH NIETZSCHE,NIETZSCHE F,
FRIEDRICH SCHILLER,SCHILLER F,
FRIEDRICH SCHLEIERMACHER,SCHLEIERMACHER F,
GADAMER,GADAMER H,
GALILEI G,GALILEO G,
GALILEI GALILEO,GALILEO G,
GALILEO,GALILEO G,
GEGEL G,HEGEL G,
GEGEL G W F,HEGEL G,
GEGEL GVF,HEGEL G,
GENERAL SYSTEMS,NA,
GRUSH,GRUSH R,
GRUWITSCH A,GURWITSCH A,
GURSWITSCH A,GURWITSCH A,
GURWITSCH,GURWITSCH A,
GUSSEL E,HUSSERL E,
GUSSERL,HUSSERL E,
GUSSERL E,HUSSERL E,
GUSSERL EK,HUSSERL E,
GUYER,GUYER P,
GWF HEGEL,HEGEL G,
HABERMANS J,HABERMAS J,
HABERMAS,HABERMAS J,
HAIDEGGER M,HEIDEGGER M,
HAND,HAND S,
HARV MED SCH,NA,
HAYDEGGER M,HEIDEGGER M,
HDIEGGER M,HEIDEGGER M,
HEDEGGER M,HEIDEGGER M,
HEGEL W,HEGEL G,
HEGELS IDEALISM SATI,NA,
HEGELS PHILOS SUBJEC,NA,
HEIDDEGER M,HEIDEGGER M,
HEIDEGEER MARTIN,HEIDEGGER M,
HEIDEGGEM,HEIDEGGER M,
HEIDEGGER,HEIDEGGER M,
HEIDEGGER HUSSERL,NA,
HEIDEGGER PM,HEIDEGGER M,
HEIDEGGER SEIN,HEIDEGGER M,
HEIDEGGER SM,HEIDEGGER M,
HEIDEGGERA M,HEIDEGGER M,
HEIDEGGERM,HEIDEGGERM,
HEIDEGGERS,HEIDEGGERM,
HEIDEGGERS GA,HEIDEGGER M,
HEIDEGGERS M,HEIDEGGER M,
HEIDEGGERS MARTIN,HEIDEGGER M,
HEIDGGER,HEIDEGGER M,
HEIDGGER M,HEIDEGGER M,
HEINRICH D,HENRICH D,
HEINRICH DIETER,HENRICH D,
HELDEGGER M,HEIDEGGER M,
HENRICHS DIETER,HENRICH D,
HHUSSERL E,HUSSERL E,
HIEDEGGER M,HEIDEGGER M,
HOLDERLIN JCF,HOLDERLIN F,
HUA,HUSSERL E,
HUA DOK,HUSSERL E,
HUA HUSSERL E,HUSSERL E,
HUA I,HUSSERL E,
HUA II,HUSSERL E,
HUA III,HUSSERL E,
HUA IV,HUSSERL E,
HUA IX,HUSSERL E,
HUA M,HUSSERL E,
HUA MAT,HUSSERL E,
HUA MAT I,HUSSERL E,
HUA MAT III,HUSSERL E,
HUA MAT V,HUSSERL E,
HUA MAT VII,HUSSERL E,
HUA MAT VIII,HUSSERL E,
HUA O,HUSSERL E,
HUA V,HUSSERL E,
HUA VI,HUSSERL E,
HUA VII,HUSSERL E,
HUA VII HUSSERL E,HUSSERL E,
HUA VIII,HUSSERL E,
HUA X,HUSSERL E,
HUA XI,HUSSERL E,
HUA XII,HUSSERL E,
HUA XIII,HUSSERL E,
HUA XIV,HUSSERL E,
HUA XIX,HUSSERL E,
HUA XLI,HUSSERL E,
HUA XLII,HUSSERL E,
HUA XV,HUSSERL E,
HUA XVI,HUSSERL E,
HUA XVII,HUSSERL E,
HUA XVIII,HUSSERL E,
HUA XXII,HUSSERL E,
HUA XXIII,HUSSERL E,
HUA XXIV,HUSSERL E,
HUA XXIX,HUSSERL E,
HUA XXV,HUSSERL E,
HUA XXVII,HUSSERL E,
HUA XXXI,HUSSERL E,
HUA XXXII,HUSSERL E,
HUA XXXIII,HUSSERL E,
HUA XXXIX,HUSSERL E,
HUA XXXV,HUSSERL E,
HUA XXXVI,HUSSERL E,
HUA XXXVIII,HUSSERL E,
HUADOK,HUSSERL E,
HUAMAT,HUSSERL E,
HUAMAT IV,HUSSERL E,
HUAMAT IX,HUSSERL E,
HUAMAT VIII HUSSERL E,HUSSERL E,
HUMAN RIGHTS WATCH,NA,
HUME,HUME D,
HUSEERL,HUSSERL E,
HUSERL E,HUSSERL E,
HUSSARL EDMUND,HUSSERL E,
HUSSEL E,HUSSERL E,
HUSSER E,HUSSERL E,
HUSSERI E,HUSSERL E,
HUSSERL,HUSSERL E,
HUSSERL DELEUZE,NA,
HUSSERL N,HUSSERL E,
HUSSERL PN,HUSSERL E,
HUSSERL VE,HUSSERL E,
HUSSERL XXV E HUA,HUSSERL E,
HUSSERLE E,HUSSERL E,
HUSSERLIANA,HUSSERL E,
HUSSERLIANA I,HUSSERL E,
HUSSERLIANA III,HUSSERL E,
HUSSERLIANA IV,HUSSERL E,
HUSSERLIANA IX,HUSSERL E,
HUSSERLIANA X,HUSSERL E,
HUSSERLIANA XIV,HUSSERL E,
HUSSERLIANA XV,HUSSERL E,
HUSSERLIANA XVI,HUSSERL E,
HUSSERLS,HUSSERL E,
HUSSERLS EDMUND,HUSSERL E,
HUSSSERL EDMUND,HUSSERL E,
HUUSERL,HUSSERL E,
HYMNS HOMERIC,HOMER,
HYPPOLITE,HYPPOLITE J,
IASP,NA,
ID,NA,
IDEAS I,HUSSERL E,
IDEEN,HUSSERL E,
IDEEN I,HUSSERL E,
ILEIDEGGER MARTIN,HEIDEGGER M,
IMMANUEL KANT,KANT I,
INGARDEN,INGARDEN R,
INGARDEN BR,INGARDEN R,
INTERDISZIPLINARE ARBEITSGEMEINSCHAFT TIERETHIK,NA,
INTERNATIONAL ASSOCIATION FOR THE PHILOSOPHY OF SPORT,NA,
INTERNATIONAL SOCIETY FOR PRESENCE RESEARCH ISPR,NA,
INTERNET MOVIE DATA,NA,
INTGARDEN R,INGARDEN R,
IRRATIONAL GAMES,NA,
IRRIGARAY L,IRIGARAY L,
JACQUES D,DERRIDA J,
JACQUES DERRIDA,DERRIDA J,
JACQUES LACAN,LACAN J,
JAKOBSON,JAKOBSON R,
JAN PATOCKA,PATOCKA J,
JANPATOCKA,PATOCKA J,
JAQUES DERRIDA,DERRIDA J,
JASPERS,JASPERS K,
JAY,JAY M,
JEANPAUL SARTRE,SARTRE J,
JOHN DAMASCUS,JOHN OF DAMASCUS,
JOHN OF THE CROSS,JOHN OF THE CROSS,
JOHN R SEARLE,SEARLE J,
JUDITH BUTLER,"BUTLER, J",
JUNG,JUNG C,
KANT,KANT I,
KANT E,KANT I,
KANT EMMANUEL,KANT I,
KANT KANTAS I,KANT I,
KANT MANUEL,KANT I,
KANT PROBLEM METAPHY,KANT I,
KANTGESELLSCHAFT,NA,
KANTIAN HEIDEGGERS,NA,
KANTS,KANT I,
KHUSSERL E,HUSSERL E,
KIERKEGAARD,KIERKEGAARD S,
KIERKEGAARDIAN A,KIERKEGAARD S,
KIERKEGAARDS,KIERKEGAARD S,
KIESEL THEODORE,KISIEL T,
KIESIEL TH,KISIEL T,
KISIELS T,KISIEL T,
KOEHLER W,KOHLER W,
KOLHER W,KOHLER W,
KOSKEY JEFFERY,KOSKY J,
KOSKY,KOSKY J,
KRAFT,KRAFT J,
KRIEGEL,KRIEGEL U,
KRIJNEN ,KRIJNEN C,
KRIKPE S,KRIPKE S,
KRISIS,HUSSERL E,
KRISIS EUROPAISCHEN,HUSSERL E,
LACAN,LACAN J,
LAFONT,LAFONT C,
LANDGRABE L,LANDGREBE L,
LANDGREBE,LANDGREBE L,
LANDGREBE SL,LANDGREBE L,
LANDGREBL,LANDGREBE L,
LANDGREDE L,LANDGREBE L,
LAPLANCHE,LAPLANCHE J,
LEIBNEZ G W,LEIBNIZ G,
LEIBNITS GV,LEIBNIZ G,
LEIBNIZ,LEIBNIZ G,
LEIBNIZ F W,LEIBNIZ G,
LEUVEN HUSSERLARCHIV,NA,
LEUVEN M,NA,
LEVI STRAUSS CLAUDE,LEVISTRAUSS C,
LEVI STROS KLOD,LEVISTRAUSS C,
LEVINA E,LEVINAS E,
LEVINAS,LEVINAS E,
LEVINASS,LEVINAS E,
LEVINTAS EMMANUEL,LEVINAS E,
LEVISRAUSS,LEVISTRAUSS C,
LEVISTRAUSS,LEVISTRAUSS C,
LEVISTRAUSS C,LEVISTRAUSS C,
LEVISTRAUSS CLAUDE,LEVISTRAUSS C,
LEVISTROS K,LEVISTRAUSS C,
LEVISTROS KLOD,LEVISTRAUSS C,
LEVJNAS E,LEVINAS E,
LINCOLN PRESIDENT ABRAHAM,LINCOLN A,
LINGIS,LINGIS A,
LIVED BODY VS GENDER,NA,
LOGISCHE UNTERSUCHUN,HUSSERL E,
LOHMAR,LOHMAR D,
LOHMAR BRUCE DIETER,LOHMAR D,
LOHMAR H D,LOHMAR D,
LOMAR D,LOHMAR D,
LONERGAN,LONERGAN B,
LONGEAUX JM,LONGNEAUX J,
LOSEV,LOSEV A,
LUFTS,LUFT S,
LYOTARD,LYOTARD J,
MACHIAVEL,MACHIAVELLI N,
MACKAY,MACKAY D,
MANGANS B,MANGAN B,
MARC RICHIR,"RICHIR, M",
MARITAIN,MARITAIN J,
MARTIN HEIDEGGER,HEIDEGGER M,
MARX,MARX K,
MAT HUA,HUSSERL E,
MAT III HUA,HUSSERL E,
MAURICE MERLEAU PONTY,MERLEAUPONTY M,
MAURICE MERLEAUPONTY,MERLEAUPONTY M,
MAURICE MP,MERLEAUPONTY M,
MCDOWELL,MCDOWELL J,
MCLNTYRE R,MCINTYRE R,
MEINONG,MEINONG A,
MELEAUPONTY M,MERLEAUPONTY M,
MENCIUS BOOK,MENCIUS ,
MENKE,MENKE C,
MEREAUPONTY M,MERLEAUPONTY M,
MERELAUPONTY M,MERLEAUPONTY M,
MERLAUPONTY M,MERLEAUPONTY M,
MERLAUPONTY MAURICE,MERLEAUPONTY M,
MERLEAPONTY M,MERLEAUPONTY M,
MERLEAU M,MERLEAUPONTY M,
MERLEAU PONTY,MERLEAUPONTY M,
MERLEAU PONTY M,MERLEAUPONTY M,
MERLEAU PONTY MAURICE,MERLEAUPONTY M,
MERLEAU-PONTY M,MERLEAUPONTY M,
MERLEAUPOLITY M,MERLEAUPONTY M,
MERLEAUPONLY M,MERLEAUPONTY M,
MERLEAUPONRY M,MERLEAUPONTY M,
MERLEAUPONT IN PRESS,MERLEAUPONTY M,
MERLEAUPONT M,MERLEAUPONTY M,
MERLEAUPONTY,MERLEAUPONTY M,
MERLEAUPONTY CF,MERLEAUPONTY M,
MERLEAUPONTY M,MERLEAUPONTY M,
MERLEAUPONTY MARCEL,MERLEAUPONTY M,
MERLEAUPONTY MAURICE,MERLEAUPONTY M,
MERLEAUPONTY MJ,MERLEAUPONTY M,
MERLEAUPONTY MORICE,MERLEAUPONTY M,
MERLEAUPONTY MV,MERLEAUPONTY M,
MERLEAUPONTY SIEHE,MERLEAUPONTY M,
MERLEAUPONTY SORBONN,MERLEAUPONTY M,
MERLEAUPONTY ZM,MERLEAUPONTY M,
MERLEAUPONTY ZR MAURICE,MERLEAUPONTY M,
MERLEAUPONTYHO,MERLEAUPONTY M,
MERLEAUPONTYM,MERLEAUPONTY M,
MERLEAUPONTYY M,MERLEAUPONTY M,
MERLEAUPORITY MAURICE,MERLEAUPONTY M,
MERLEUPONTY M,MERLEAUPONTY M,
MERLOPONTI,MERLEAUPONTY M,
MERLOPONTI M,MERLEAUPONTY M,
MERLOPONTY M,MERLEAUPONTY M,
METAPHYSICS ARISTOTLES,ARISTOTLE,
MONTAIGNE,MONTAIGNE M,
NATASON M,NATANSON M,
NATIONAL CENTER FOR HEALTH STATISTICS,NA,
NATIONAL COLLABORATING CENTRE FOR MENTAL HEALTH UK,NA,
NATIONAL INSTITUTE FOR MENTAL HEALTH IN ENGLAND,NA,
NATIONAL INSTITUTE OF MENTAL HEALTH NIMH,NA,
NATIONAL INSTITUTE OF STANDARDS AND TECHNOLOGY IN U S DEPARTMENT OF COMMERCE,NA,
NENNON TH,NENON TH,
NENON,NENON TH,
NIETZSCHE,NIETZSCHE F,
NIETZSCHE E,NIETZSCHE F,
NIVISON,NIVISON D,
NOVALIS,NOVALIS F,
OLLMAN,OLLMAN B,
OXF ENG DICT,NA,
PACI,PACI E,
PATOCKOU J,PATOCKA J,
PATOEKA J,PATOCKA J,
PATOKA J,PATOCKA J,
PATOKA JAN,PATOCKA J,
PAUL RICCEUR,RICOUER R,
PAUL RICOEAUR,RICOUER R,
PAUL RICOEUR,RICOUER R,
PAUL RICOEUR P,RICOUER R,
PAULUS,PAULUS H,
PEIRCE,PEIRCE C,
PERLEAUPONTY M,MERLEAUPONTY M,
PETITMENGINPEUGC,PETITMENGIN C,
PETITO J,PETITOT J,
PFANDER,PFANDER A,
PHENOMENOLOGY PERCEP,MERLEAUPONTY M,
PHILLIPSE H,PHILIPSE H,
PIAGET,PIAGET J,
PICKSTOCK,PICKSTOCK C,
PINKARD,PINKARD T,
PINKART T,PINKARD T,
PIVECIC E,PIVCEVIC E,
PIVEVIC E,PIVCEVIC E,
PLANTINGA ,PLANTINGA A,
POLT ,POLT R,
PONTY M,MERLEAUPONTY M,
PONTY MAURICE MERLEAU,MERLEAUPONTY M,
PONTY MERLEAU,MERLEAUPONTY M,
PONTY MM,MERLEAUPONTY M,
POPPER R R,POPPER K,
PYLUSHYN ZW,PYLYSHYN Z,
QUINE R,QUINE W,
QUINE V O,QUINE W,
QUINE VW,QUINE W,
RADL,RADL E,
RAHNER,RAHNER K,
RANG,RANG B,
REINACH,REINACH A,
REINHOLD CL,REINHOLD K,
RESCHER,RESCHER N,
RIC<DIPTHONG OE>UR PAUL,NA,
RICCEUR,RICOEUR P,
RICCEUR P,RICOEUR P,
RICCEUR PAR PAUL,RICOEUR P,
RICCEUR PAUL,RICOEUR P,
RICIUR P,RICOEUR P,
RICKERT,RICKERT H,
RICOEEUR PAUL,RICOEUR P,
RICOEUR,RICOEUR P,
RILKE,RILKE R ,
ROSADOHADDOCK E G,ROSADOHADDOCK G,
ROSADOHADDOCK G,ROSADOHADDOCK G,
ROTY R,RORTY R,
ROUTLEDGE,NA,
RUDOLF BERNET,BERNET R,
RUDOLF CARNAP,CARNAP R,
RYLE,RYLE G,
SARTR Z,SARTRE J,
SARTR ZH  P,SARTRE J,
SARTR ZHP,SARTRE J,
SARTR ZP,SARTRE J,
SARTRE,SARTRE J,
SARTRE P,SARTRE J,
SARTRE STATES,SARTRE J,
SARTRE ZJP,SARTRE J,
SARTRF JP,SARTRE J,
SASTRE JEAN PAUL,SARTRE J,
SATRE JP,SARTRE J,
SCHELER,SCHELER M,
SCHLEGEL A,SCHLEGEL A,
SCHLEIERMCHER FRIEDRICH,SCHLEIERRMACHER F,
SCHOPENHANUER A,SCHOPENHAUER A,
SCHOPENHAUER,SCHOPENHAUER A,
SCHOPENHAUER SA,SCHOPENHAUER A,
SCHRAG,SCHRAG C,
SCHUETZ A,SCHUTZ A,
SCHUETZ ALFRED,SCHUTZ A,
SCHUTZ,SCHUTZ A,
SEARLE,SEARLE J,
SEIGFRIED,SEIGFRIED C,
SEIGFRIED CHARLENE HADDOCK,SEIGFRIED C,
SEIGFRIED H,SEIGFRIED C,
SEXTUS,SEXTUS E,
SHAUN G,GALLAGHER S,
SHAWS SARAH,SHAW S,
SHEEHAM T,SHEEHAN T,
SHEEHANN T,SHEEHAN T,
SHEETJOHNSTONE M,SHEETSJOHNSTONE M,
SHEETS JOHNSTONE M,SHEETSJOHNSTONE M,
SHEETS-JOHNSTONE M,SHEETSJOHNSTONE M,
SHEETSJOHNSON MARLENE,SHEETSJOHNSTONE M,
SHEETSJOHNSTON M,SHEETSJOHNSTONE M,
SHEETSJOHNSTONE M,SHEETSJOHNSTONE M,
SHEETSJOHNSTONE MAXINE,SHEETSJOHNSTONE M,
SHEETSJOHSNTONE M,SHEETSJOHNSTONE M,
SHEETSJOHSTONE M,SHEETSJOHNSTONE M,
SHEETSJOHSTONE M S,SHEETSJOHNSTONE M,
SHELER M,SCHELER M,
SHELLING F V I,SCHELLING F,
SHELLING FVI,SCHELLING F,
SHKLOVSKII,SHKLOVSKII V,
SHOCKEY R MATTHEW,SHOCKEY M,
SHOCKEY RM,SHOCKEY M,
SIMMEL,SIMMEL G,
SINNOTT-ARMSTRONG W,SINNOTTARMSTRONG W,
SINNOTTARMSTRONW,SINNOTTARMSTRONG W,
SLTERDIJK P,SLOTERDIJK P,
SMITH D W,SMITH DW,
SMITH D WOODRUFF,SMITH DW,
SMITH DAVID W,SMITH DW,
SMITH DAVID WOODRUFF,SMITH DW,
SMITH DW,SMITH DW,
SOFOCLES,SOPHOCLES,
SOKOLOWSKI,SOKOLOWSKI R,
SOPENHAUER ARTUR,SCHOPENHAUER A,
SPIEGELBERG,SPIEGELBERG H,
SPIEGELBH,SPIEGELBERG H,
SPIELBERG H,SPIEGELBERG H,
SPIELGELBERG H,SPIEGELBERG H,
SPINOZA,SPINOZA B,
SPRENGLER O,SPENGLER O,
STUMPF,STUMPF C,
STUMPFS C,STUMPF C,
TAINE,TAINE H,
THE BOSTON CHANGE PROCESS STUDY GROUP,NA,
THE PEIRCE EDITION PROJECT,NA,
THE PHENOMENON OF LIFE,NA,
TILIH PAUL,TILLICH P,
TODE S,TODES S,
TOLSTOI L,TOLSTOY L,
TOLSTOI LEON,TOLSTOY L,
TUGENDHADT E,TUGENDHAT E,
TUGENDHAT,TUGENDHAT E,
TUGENDHAT V ERNST,TUGENDHAT E,
TWARDOWSKI, TWARDOWSKI K,
TYE,TYE M,
TYMENIECKA,TYMIENIECKA A,
TYMIENIECKA,TYMIENIECKA A,
UNITED STATES CATHOLIC CONFERENCE,NA,
UNIVERSITE DE GRENOBLE,NA,
VATICAN COUNCIL II,NA,
VITGENSHTEIN L,WITTGENSTEIN L,
VITGENSHTEYN L,WITTGENSTEIN L,
VITGENSTEINAS L,WITTGENSTEIN L,
VON HILDEBRAND D,VONHILDEBRAND D,
VON HILDEBRAND DIETFUCII,VONHILDEBRAND D,
VON HILDEBRAND DIETIUCH,VONHILDEBRAND D,
VON HILDEBRAND DIETRICH,VONHILDEBRAND D,
VON HILDEBRAND DIETRIUCH,VONHILDEBRAND D,
VON HUMBOLDT W,VONHUMBOLT W,
VONHUMBOLT V,VONHUMBOLT W,
VYGOTSKIY LEV S,VYGOTSKY L,
WILHELM FRIEDRICH GEORG,HEGEL G,
WILHELM FRIEDRICH HEGEL GEORG,HEGEL G,
WILHELM G,HEGEL G,
WILHELM JOSEPH FRIEDRICH,SCHELLING F,
WILLIAM JAMES,JAMES W,
WITGENSTEIN LUDWIG,WITTGENSTEIN L,
WITTGENSTEIN,WITTGENSTEIN L,
WOODRUFF SMITH D,SMITH DW,
WORDSWORTH,WORDSWORTH W,
WORK BASEDLEARNIN,NA,
WORLD COMMISSION ON ENVIRONMENT AND DEVELOPMENT,NA,
WORLD HEALTH ORGANIZATION,NA,
WUNDT,WUNDT W,
WUNDT M,WUNDT W,
YASPERS K,JASPERS K,
ZAHAVI,ZAHAVI D,
ZAHAVI CF D,ZAHAVI D,
ZAHLAVI D,ZAHAVI D,
ZEHAVI D,ZAHAVI D,
ZHAK DERRIDA V MOSKV,NA,
ZIEK S,ZIZEK S,
ZIEK SLAVOJ,ZIZEK S,
ZIMMERMAN M J,ZIMMERMAN MJ,
ZIRION A,ZIRION AQ,
ZIRION ANTONIO,ZIRION AQ,
ZIRION AQ,ZIRION AQ,
ZIRION Q,ZIRION AQ,
ZIRION QUIJANO A,ZIRION AQ,
ZIRMUNSKIJ V,ZHIRMUNSKY V,
ZIRMUNSKIS V,ZHIRMUNSKY V,
ZIZEK SLAVOJ,ZIZEK S,
ZIZEK V SLAVOJ,ZIZEK S,
,,
ECKHART MAITRE,ECKHART M,
,,
,,
,,
,,
,,
,,
,,
,,
,,
,,
,,
,,
,,
,,
,,
,,
,,
,,
,,
,,
,,
,,
,,
,,
,,
,,
,,
,,
,,
,,
,,
ERSTE PREISAUFGABE DER KANTGESELLSCHAFT,Bauch B,
EUR UN,NA,
EURIPID,EURIPIDES,
FARBER,FARBER M,
FENOMENOLOGIYA I EE,NA,
FILOSOFYI FRANTSII,NA,
FOUCAULTSCLARIF M,FOUCAULT M,
FOUCUALT M,FOUCAULT M,
FREGE F,FREGE G,
FRIED,FRIED G,
FRIEDRICH G W,HEGEL G,
GA,NA,
GADAMER G,GADAMER H,
GADAMER G G,GADAMER H,
GADAMERS,GADAMER H,
GADOMER HG,GADAMER H,
GALLAGHER,GALLAGHER S,
GILSON,GILSON E,
GIORGI B,GIORGI A,
GP,NA,
HABERMAS ZBJ,HABERMAS J,
HADOT,HADOT P,
HDOGSON B,HODGSON B,
HEGEL C,HEGEL G,
HEGEL F,HEGEL G,
HEGEL P,HEGEL G,
HEGEL SWF,HEGEL G,
HEGEL WGF,HEGEL G,
HEIDEGGER C,HEIDEGGER M,
HEIDEGGER CM,HEIDEGGER M,
HEIDEGGER GA,HEIDEGGER M,
HEIDEGGER H,HEIDEGGER M,
HEIDEGGER JM,HEIDEGGER M,
HEIDEGGER K,HEIDEGGER M,
HEIDEGGER B,HEIDEGGER M,
HEIDEGGR M,HEIDEGGER M,
HELD,HELD K,
HENRY,HENRY M,
HINTIKKA J,HINTIKKA J,
HINTIKKA JAAKKO,HINTIKKA J,
HINTIKKA K J J,HINTIKKA J,
HINTIKKA MB,HINTIKKA J,
HOPKINS,HOPKINS B,
HORGAN,HORGAN T,
HUEMER,HUEMER M,
HUSSERL B,HUSSERL E,
HUSSERL B EDMUND,HUSSERL E,
HUSSERL BE,HUSSERL E,
HUSSERL F,HUSSERL E,
HUSSERL H,HUSSERL E,
HUSSERL I,HUSSERL E,
HUSSERL K,HUSSERL E,
HUSSERL M,HUSSERL E,
HUSSERLIS E,HUSSERL E,
HUSSERLOVE O,HUSSERL E,
HUSSFRI E,HUSSERL E,
HUSSNIN EDMUND,HUSSERL E,
JAME W,JAMES W,
JAMES,JAMES W,
JARCZYK,JARCZYC G,
JARCZYK D,JARCZYC G,
FRANZ,BRENTANO F,
GEORGGADAMER H,GADAMER H,
JASPER,JASPERS K,
EASTON,EASTON D,
ECKEHART,ECKHART M,
ECKEHART M,ECKHART M,
ECRIT,LEVINAS E,
EDIE,EDIE J,
EDDIE J,EDIE J,
EDMUND H,HUSSERL E,
EDMUND HUSSERL,HUSSERL E,
EDWARD,SAID E,
EIBLEIBESFELDT,EIBLEIBESFELDT I,
EIGIER G,EIGLER G,
EL GRECO,EL GRECO,
ELISABETH FORSTERNIETZSCHE,FORSTERNIETZSCHE E,
ELISABETH PACHERIE,PACHERIE E,
ELIZABETH RADCLIFFE,RADCLIFFE E,
ELLIOT TS,ELIOT T,
ELVINAS E,LEVINAS E,
EM,NA,impossible to find
EMERICH,NA,Couldnt find on paper
EMMANUEL DE SAINT AUBERT,DESAINTAUBERT E,
EMPIRICUS SEXTUS,SEXTUS EMPIRICUS,
EN VOGUE,NA,
ENGELHARDT DIETRICH VON,VONENGELHARDT D,
ENGELHARDT JR TRISTRAM H,ENGELHARDT T,
ENGLEHARDT HT,ENGELHARDT H,
ENRICO BERTI,BERTI E,
EPICURO,EPICURUS,
ERASME,ERASMUS,
ERICH,PRZYWARA E,
ERINNEM FREUD S,FREUD S,
ERNILDO STEIN,STEIN E,
ERNST,GOETHE J,
ESPINAL PREZ CRUZ ELENA,ESPINALPEREZ C,
ESPOSITIO C,ESPOSITO C,
ESTA FRASE INTRO HUS,NA,phrase
ESW,NA,pretty sure this is an abbreviation
EUBEN P,EUBEN J,
EUKLEIDES,EUCLID,
EURIPIDES BAKCHANTKY,EURIPIDES,
EVOLUTION CREATRICE,BERGSON H,Bergson's book
EXISTENCE EXISTENTS,LEVINAS E,Levinas' book
EZHEGODNIK PO FENOME,MOLCHANOV V,сследования no феноменологии сознания. [Rese
F PESS CO,PESSOA F,
F VOLPI,VOLPI F,
FEBRER BARAHONA ALBERO,FEBRERBARAHONA A,
FECHNEROVI T,FECHNEROVI T,
FELLMAN F,FELLMANN F,
FERENCZ-FLATZ C,FERENCZFLATZ C,
FERRAN I,VENDRELLFERRAN I,
FERRAN I VENDRELL,VENDRELLFERRAN I,
FERRAN INGRID VENDRELL,VENDRELLFERRAN I,
FERRATER J,FERRATERMORA J,
FERRATER MORA J,FERRATERMORA J,
FERRATER MORA JOSE,FERRATERMORA J,
FERREIRA,FERREIRA M,
FILIPOVIC LJILJANA,FILIPOVIC L,
FILIPOVYCH L,FILIPOVIC L,
FINDLAY,FINDLAY J,
FINDLEY JS,FINDLEY J,
FISHER,FISHER S,
FLEISCHACKER,FLEISCHACKER S,
FLORENSKII,FLORENSKY P,
FLORENSKII P,FLORENSKY P,
FLORENSKII PAVEL,FLORENSKY P,
FLORENSKIJ P,FLORENSKY P,
FLYNN,FLYNN T,
FM,NA,
FODOR,FODOR J,
FOLLESDALL D,FOLLESDAL D,
FONTANTA D,FONTANA D,
FORTHCOMING HORGAN T,HORGAN T,
FOSTER,FOSTER K,
FRAGATA J,FRAGATA J,
FRAGATA SJ J,FRAGATA J,
FRANCAISE NOUVELLE REVUE,NA,magazine
FRANCIS,POPE FRANCIS,pope frnacis
FRANCK,FRANCK D,checked paper
FRANZ BRENTANO,BRENTANO F,
KIRK,KIRK G,
FREEDOM AM,NA,Arthur Miller Freedom to Write Lecture
JEANJACQUES ROUSSEAU,ROUSSEAU J,
FRIEDLAENDER P,FRIEDLANDER P,
FRIEDRICH VON HARDENBERG NOVALIS,VONFRIEDRICH F,
FRITZ K VON,VONFRITZ K,
FROMANN WAYNE,FROMAN W,
FRUTEAU DELACLOS FREDERIC,DELACLOS F,
FUENTE-ALBA F,FUENTEALBA F,
FULDE HF,FULDA H,
FULFORD W,FULFORD K,
GADARNER H G,GADAMER H,
GAHRN-ANDERSEN R,GAHRNANDERSEN R,
GALLAHER S,GALLAGHER S,
GALLAGHER D,GALLAGHER S,This was a typo in the original text
GALLUP,GALLUP G,
JEAN LUC MARION,MARION J,
JEANLUC M,MARION J,
JEANLUC MARION,MARION J,
JEANROND,JEANROND W,
GALT CROWELL S,CROWELL S,
GARCIA-ALANDETE J,GARCIAALANDETE J,
GARCIA-BARO M,GARCIABARO M,
GARCIA ALONSO RAFAEL,GARCIAALONSO R,
GARCIA BACCA J D,GARCIABACCA J,
GARCIA BARD M,GARCIABARO M,
GARCIA BARO M,GARCIABARO M,
GARCIA CANCLINI N,GARCIACANCLINI N,
GARCIA FJ OLMO,GARCIAOLMO F,
GARCIA JARAMA J C,GARCIAJARAMA J,
GARCIA LOPEZ J,GARCIALOPEZ J,
GARCIA LORCA FEDERICO,GARCIALORCA F,
GARCES FERRER R,GARCESFERRER R,
GARCIA GUAL C,GARCIAGUAL C,
GARCIA MORENTE M,GARCIAMORENTE M,
GARCIA NORRO J J,GARCIANORRO J,
GARCIA PELAYO PEREZ,PEREZGARCIA P,
GARCIA PRADA O,GARCIAPRADA O,
GARCIA ROJO E,GARCIAROJO E,
GARRERA-TOLBERT N,GARRERATOLBERT N,
GARRIDO-MATURANO AE,GARRIDOMATURANO AE,
GARRIDO PERIN JUAN JOS,GARRIDOPERINAN J,
GARRIDOPERINNAN J J,GARRIDOPERINAN J,
GASSET J,ORTEGAYGASSET J,
GASSET J ORTEGA Y,ORTEGAYGASSET J,
GASSET JO,ORTEGAYGASSET J,
GASSET JOSE ORTEGA Y,ORTEGAYGASSET J,
GASSET JOY,ORTEGAYGASSET J,
GASSET ORTEGA,ORTEGAYGASSET J,
GAWRONSKI EGALEMENT ALFRED,GAWRONSKI A,
GEERTH CLIFFORD,GEERTZ C,
GEHIRN VERHALTEN,GIAMPIERI-DEUTSCH P,citing a book
GELVEN,GELVEN M,
GENIUIAS S,GENIUSAS S,
GEOMETRICKEM DUCHU,PASCAL B,pascal's book
GEORGE,GEORGE P,
GERARD,HUSSERL E,It's gerard/febre (or something) translation
GERT,GERT J,
GESAMMELTE WERKE,HUSSERL E,KRITISCHE IDEENGESCH
GESAMTAUSGABE,HEIDEGGER M,Heidegger's collected work
GETHMANNS CF,GETHMANN C,
KARNAP R,CARNAP R,
KASIRER ERNST,CASSIRER E,
KAUFMANN FELIX,KAUFMANN FE,
KAUFMANN FRITZ,KAUFMANN FR,
KAUFMANN,KAUFMANN FE,
KREIS,"KREIS, G",
KRELL DK,KRELL DK,
KRESS,KRESS P,
KRONER,KRONER R,
LAMBERT,LAMBERT J,
LEAR COMPARE JONATHAN,LEAR J,
LENIN WI,LENIN V,
LENINE VLADIMIR ILITCH,LENIN V,
LENINS,LENIN V,
LEVINA,LEVINAS E,
LEVINAS H,LEVINAS E,
LEVINAS I,LEVINAS E,
LEVINAS L,LEVINAS E,
LEVINAS V,LEVINAS E,
LEVY BRUHL L,LEVYBRUHL L,
LIMIDO-HEULOT P,LIMIDOHEULET P,
LIMIDO HEULOT P,LIMIDOHEULET P,
LITERATUR FRITSCHE J,FRITSCHE J,
LIVINAS,LEVINAS E,
LOGIQUES MONDES,BADIOU A,
LOTZE,LOTZE H,
GETHMANN GF,GETHMANN C,
GETHMANN K F,GETHMANN C,
LUKACS,LUKACS G,
LUKICS G,LUKACS G,
LUKASIEWICZ,LUKASIEWICZ J,
LUKRECIJUS,LUCRETIUS,
LVISTRAUSS CLAUDE,LEVISTRAUS C,
LYSSENKO VG,LYSENKO V,
MAGEE,MAGEE G,
MAKKREEL,MAKKREEL R,
MARION,MARION J,
MARX CARL,MARX K,
MASTER ECKHART,ECKHART M,
MAURICE,MERLEAUPONTY M,
MORAN,MORAN D,
MYTHOLOGY WHITE,DERRIDA J,
NAGEL,NAGEL T,
NATORP B,NATORP P,
NATORP,NATORP P,
NATORP HP,NATORP P,
NIH,NA,
NORDRHEINWESTFALISCHEN AKADEMIE DER WISSENSCHAFTEN,NA,
OF DAMASCUS JOHN,JOHN OF DAMASCUS,
ORIGENE,ORIGEN,
ORIGENE VOIR,ORIGEN,
ORTEGA Y GASSET JOSE,ORTEGAYGASSET J,
ORTEGA Y GASSET J,ORTEGAYGASSET J,
ORTEGA V GASSET JOSE,ORTEGAYGASSET J,
ORTEGA JOSE,ORTEGAYGASSET J,
ORTEGA J,ORTEGAYGASSET J,
ORTEGA,ORTEGAYGASSET J,
PALOCKA J,PATOCKA J,
PASCAL,PASCAL B,
